time="2026-09-18T12:58:04+00:00" level=warning msg="The \"DNS_USER\" variable is not set. Defaulting to a blank string."
time="2026-09-18T12:58:04+00:00" level=warning msg="The \"DNS_PASSWORD\" variable is not set. Defaulting to a blank string."
time="2026-09-18T12:58:04+00:00" level=warning msg="The \"GRAFANA_ADMIN_PASSWORD\" variable is not set. Defaulting to a blank string."
time="2026-09-18T12:58:04+00:00" level=warning msg="The \"DNS_USER\" variable is not set. Defaulting to a blank string."
time="2026-09-18T12:58:04+00:00" level=warning msg="The \"DNS_PASSWORD\" variable is not set. Defaulting to a blank string."
 prometheus Pulling 
 dns-exporter Pulling 
 grafana Pulling 
 ef51e128e296 Pulling fs layer 
 4f4fb700ef54 Pulling fs layer 
 0bd713040ebb Pulling fs layer 
 ddc5449816d6 Pulling fs layer 
 d92c7d4b1c79 Pulling fs layer 
 003884c94e5e Pulling fs layer 
 67dd6d132eb8 Pulling fs layer 
 143cd8686755 Pulling fs layer 
 5ff3f0b4303b Pulling fs layer 
 5f7fd8c7c2ce Pulling fs layer 
 4f4fb700ef54 Already exists 
 b150778528f0 Pulling fs layer 
 02872a85ab69 Pulling fs layer 
 a0137ef1f49e Pulling fs layer 
 2c520e315aed Pulling fs layer 
 8c7998df4188 Pulling fs layer 
 bc1208468eb9 Pulling fs layer 
 db299616c5ed Pulling fs layer 
 6ce8b87a9754 Pulling fs layer 
 c68b486ef412 Pulling fs layer 
 d2f8aae8d80e Pulling fs layer 
 d2f8aae8d80e Download complete 
 5f7fd8c7c2ce Downloading [>                                                  ]  270.3kB/102MB
 5f7fd8c7c2ce Downloading [==>                                                ]  4.194MB/102MB
 5f7fd8c7c2ce Downloading [====>                                              ]  8.389MB/102MB
 b150778528f0 Downloading [==================================================>]     692B/692B
 5f7fd8c7c2ce Downloading [======>                                            ]  13.77MB/102MB
 b150778528f0 Download complete 
 d36cc68f1b7b Pulling fs layer 
 14df8cab3586 Pulling fs layer 
 5f7fd8c7c2ce Downloading [=======>                                           ]  15.73MB/102MB
 5f7fd8c7c2ce Downloading [=========>                                         ]  19.92MB/102MB
 5f7fd8c7c2ce Downloading [==========>                                        ]  22.02MB/102MB
 db299616c5ed Download complete 
 a0137ef1f49e Download complete 
 5f7fd8c7c2ce Downloading [===========>                                       ]  23.07MB/102MB
 5ff3f0b4303b Download complete 
 ef51e128e296 Download complete 
 67dd6d132eb8 Download complete 
 5f7fd8c7c2ce Downloading [===========>                                       ]  23.07MB/102MB
 5f7fd8c7c2ce Downloading [===========>                                       ]  23.07MB/102MB
 8c7998df4188 Download complete 
 c68b486ef412 Downloading [>                                                  ]  1.049MB/64.48MB
 ddc5449816d6 Downloading [=============>                                     ]  1.049MB/3.878MB
 143cd8686755 Download complete 
 d92c7d4b1c79 Download complete 
 5f7fd8c7c2ce Downloading [===========>                                       ]  24.12MB/102MB
 ddc5449816d6 Downloading [=============>                                     ]  1.049MB/3.878MB
 5f7fd8c7c2ce Downloading [===========>                                       ]  24.12MB/102MB
 6ce8b87a9754 Download complete 
 c68b486ef412 Downloading [>                                                  ]  1.049MB/64.48MB
 6ce8b87a9754 Extracting 1 s
 ddc5449816d6 Downloading [=============>                                     ]  1.049MB/3.878MB
 5f7fd8c7c2ce Downloading [===========>                                       ]  24.12MB/102MB
 2c520e315aed Download complete 
 c68b486ef412 Downloading [=>                                                 ]  2.097MB/64.48MB
 d2f8aae8d80e Extracting 1 s
 6ce8b87a9754 Pull complete 
 5f7fd8c7c2ce Downloading [===========>                                       ]  24.12MB/102MB
 ddc5449816d6 Downloading [===========================>                       ]  2.097MB/3.878MB
 003884c94e5e Downloading [>                                                  ]  1.049MB/83.14MB
 c68b486ef412 Downloading [=>                                                 ]  2.097MB/64.48MB
 d2f8aae8d80e Extracting 1 s
 c68b486ef412 Downloading [==>                                                ]  3.146MB/64.48MB
 5f7fd8c7c2ce Downloading [===========>                                       ]  24.12MB/102MB
 ddc5449816d6 Downloading [===========================>                       ]  2.097MB/3.878MB
 003884c94e5e Downloading [>                                                  ]  1.049MB/83.14MB
 d2f8aae8d80e Extracting 1 s
 5f7fd8c7c2ce Downloading [===========>                                       ]  24.12MB/102MB
 ddc5449816d6 Downloading [===========================>                       ]  2.097MB/3.878MB
 003884c94e5e Downloading [>                                                  ]  1.049MB/83.14MB
 02872a85ab69 Download complete 
 c68b486ef412 Downloading [==>                                                ]  3.146MB/64.48MB
 d2f8aae8d80e Extracting 1 s
 c68b486ef412 Downloading [===>                                               ]  4.194MB/64.48MB
 5f7fd8c7c2ce Downloading [============>                                      ]  25.17MB/102MB
 ddc5449816d6 Downloading [===========================>                       ]  2.097MB/3.878MB
 003884c94e5e Downloading [>                                                  ]  1.049MB/83.14MB
 d2f8aae8d80e Pull complete 
 c68b486ef412 Downloading [====>                                              ]  5.243MB/64.48MB
 5f7fd8c7c2ce Downloading [============>                                      ]  25.17MB/102MB
 ddc5449816d6 Downloading [========================================>          ]  3.146MB/3.878MB
 003884c94e5e Downloading [>                                                  ]  1.049MB/83.14MB
 c68b486ef412 Downloading [====>                                              ]  5.243MB/64.48MB
 ddc5449816d6 Downloading [========================================>          ]  3.146MB/3.878MB
 003884c94e5e Downloading [=>                                                 ]  1.823MB/83.14MB
 5f7fd8c7c2ce Downloading [============>                                      ]  25.17MB/102MB
 c68b486ef412 Downloading [====>                                              ]  5.243MB/64.48MB
 ddc5449816d6 Downloading [========================================>          ]  3.146MB/3.878MB
 003884c94e5e Downloading [=>                                                 ]  2.097MB/83.14MB
 5f7fd8c7c2ce Downloading [============>                                      ]  25.17MB/102MB
 ddc5449816d6 Downloading [========================================>          ]  3.146MB/3.878MB
 003884c94e5e Downloading [=>                                                 ]  2.097MB/83.14MB
 5f7fd8c7c2ce Downloading [============>                                      ]  25.17MB/102MB
 c68b486ef412 Downloading [====>                                              ]  5.243MB/64.48MB
 5f7fd8c7c2ce Downloading [============>                                      ]  25.17MB/102MB
 0bd713040ebb Downloading [=========>                                         ]  786.4kB/4.195MB
 c68b486ef412 Downloading [====>                                              ]  6.291MB/64.48MB
 ddc5449816d6 Download complete 
 003884c94e5e Downloading [=>                                                 ]  2.097MB/83.14MB
 0bd713040ebb Downloading [============>                                      ]  1.049MB/4.195MB
 003884c94e5e Downloading [=>                                                 ]  2.097MB/83.14MB
 5f7fd8c7c2ce Downloading [============>                                      ]  26.21MB/102MB
 c68b486ef412 Downloading [====>                                              ]  6.291MB/64.48MB
 5f7fd8c7c2ce Downloading [============>                                      ]  26.21MB/102MB
 0bd713040ebb Downloading [============>                                      ]  1.049MB/4.195MB
 003884c94e5e Downloading [=>                                                 ]  3.146MB/83.14MB
 14df8cab3586 Download complete 
 c68b486ef412 Downloading [=====>                                             ]   6.59MB/64.48MB
 14df8cab3586 Pull complete 
 c68b486ef412 Downloading [=====>                                             ]   7.34MB/64.48MB
 0bd713040ebb Downloading [============>                                      ]  1.049MB/4.195MB
 003884c94e5e Downloading [=>                                                 ]  3.146MB/83.14MB
 5f7fd8c7c2ce Downloading [============>                                      ]  26.21MB/102MB
 c68b486ef412 Downloading [=====>                                             ]   7.34MB/64.48MB
 0bd713040ebb Downloading [============>                                      ]  1.049MB/4.195MB
 003884c94e5e Downloading [=>                                                 ]  3.146MB/83.14MB
 5f7fd8c7c2ce Downloading [============>                                      ]  26.21MB/102MB
 003884c94e5e Downloading [==>                                                ]  4.194MB/83.14MB
 5f7fd8c7c2ce Downloading [============>                                      ]  26.21MB/102MB
 0bd713040ebb Downloading [============>                                      ]  1.049MB/4.195MB
 bc1208468eb9 Downloading [>                                                  ]  1.049MB/59.16MB
 c68b486ef412 Downloading [=====>                                             ]   7.34MB/64.48MB
 bc1208468eb9 Downloading [>                                                  ]  1.049MB/59.16MB
 c68b486ef412 Downloading [======>                                            ]  8.389MB/64.48MB
 003884c94e5e Downloading [==>                                                ]  4.194MB/83.14MB
 5f7fd8c7c2ce Downloading [============>                                      ]  26.21MB/102MB
 0bd713040ebb Downloading [========================>                          ]  2.097MB/4.195MB
 c68b486ef412 Downloading [======>                                            ]  8.389MB/64.48MB
 bc1208468eb9 Downloading [>                                                  ]  1.049MB/59.16MB
 0bd713040ebb Downloading [========================>                          ]  2.097MB/4.195MB
 003884c94e5e Downloading [==>                                                ]  4.194MB/83.14MB
 5f7fd8c7c2ce Downloading [=============>                                     ]  27.26MB/102MB
 5f7fd8c7c2ce Downloading [=============>                                     ]  27.26MB/102MB
 bc1208468eb9 Downloading [>                                                  ]  1.049MB/59.16MB
 c68b486ef412 Downloading [======>                                            ]  8.389MB/64.48MB
 0bd713040ebb Downloading [========================>                          ]  2.097MB/4.195MB
 003884c94e5e Downloading [==>                                                ]  4.194MB/83.14MB
 bc1208468eb9 Downloading [=>                                                 ]  2.097MB/59.16MB
 c68b486ef412 Downloading [======>                                            ]  8.389MB/64.48MB
 5f7fd8c7c2ce Downloading [=============>                                     ]  27.26MB/102MB
 0bd713040ebb Downloading [========================>                          ]  2.097MB/4.195MB
 003884c94e5e Downloading [==>                                                ]  4.194MB/83.14MB
 0bd713040ebb Downloading [========================>                          ]  2.097MB/4.195MB
 003884c94e5e Downloading [==>                                                ]  4.194MB/83.14MB
 5f7fd8c7c2ce Downloading [=============>                                     ]  27.26MB/102MB
 bc1208468eb9 Downloading [=>                                                 ]  2.097MB/59.16MB
 c68b486ef412 Downloading [=======>                                           ]  9.437MB/64.48MB
 bc1208468eb9 Downloading [=>                                                 ]  2.097MB/59.16MB
 c68b486ef412 Downloading [=======>                                           ]  9.437MB/64.48MB
 0bd713040ebb Downloading [========================>                          ]  2.097MB/4.195MB
 003884c94e5e Downloading [==>                                                ]  4.342MB/83.14MB
 5f7fd8c7c2ce Downloading [=============>                                     ]  27.26MB/102MB
 d36cc68f1b7b Downloading [==========>                                        ]  663.6kB/3.072MB
 d36cc68f1b7b Downloading [=================>                                 ]  1.049MB/3.072MB
 0bd713040ebb Downloading [==========================>                        ]  2.236MB/4.195MB
 003884c94e5e Downloading [===>                                               ]  5.243MB/83.14MB
 5f7fd8c7c2ce Downloading [=============>                                     ]  28.31MB/102MB
 bc1208468eb9 Downloading [==>                                                ]  3.146MB/59.16MB
 c68b486ef412 Downloading [=======>                                           ]  9.437MB/64.48MB
 5f7fd8c7c2ce Downloading [=============>                                     ]  28.31MB/102MB
 0bd713040ebb Downloading [=====================================>             ]  3.146MB/4.195MB
 003884c94e5e Downloading [===>                                               ]  5.243MB/83.14MB
 d36cc68f1b7b Downloading [=================>                                 ]  1.049MB/3.072MB
 bc1208468eb9 Downloading [==>                                                ]  3.146MB/59.16MB
 c68b486ef412 Downloading [=======>                                           ]  9.785MB/64.48MB
 c68b486ef412 Downloading [========>                                          ]  10.49MB/64.48MB
 bc1208468eb9 Downloading [==>                                                ]  3.146MB/59.16MB
 d36cc68f1b7b Downloading [=================>                                 ]  1.049MB/3.072MB
 003884c94e5e Downloading [===>                                               ]  5.243MB/83.14MB
 5f7fd8c7c2ce Downloading [=============>                                     ]  28.31MB/102MB
 0bd713040ebb Downloading [=====================================>             ]  3.146MB/4.195MB
 bc1208468eb9 Downloading [===>                                               ]  4.194MB/59.16MB
 c68b486ef412 Downloading [========>                                          ]  10.49MB/64.48MB
 d36cc68f1b7b Downloading [=================>                                 ]  1.049MB/3.072MB
 0bd713040ebb Downloading [=====================================>             ]  3.146MB/4.195MB
 003884c94e5e Downloading [===>                                               ]  5.243MB/83.14MB
 5f7fd8c7c2ce Downloading [=============>                                     ]  28.31MB/102MB
 d36cc68f1b7b Downloading [==================================>                ]  2.097MB/3.072MB
 bc1208468eb9 Downloading [===>                                               ]  4.194MB/59.16MB
 c68b486ef412 Downloading [========>                                          ]  10.49MB/64.48MB
 5f7fd8c7c2ce Downloading [=============>                                     ]  28.31MB/102MB
 0bd713040ebb Downloading [=====================================>             ]  3.146MB/4.195MB
 003884c94e5e Downloading [===>                                               ]  5.243MB/83.14MB
 bc1208468eb9 Downloading [===>                                               ]  4.194MB/59.16MB
 c68b486ef412 Downloading [========>                                          ]  10.49MB/64.48MB
 0bd713040ebb Downloading [=====================================>             ]  3.146MB/4.195MB
 003884c94e5e Downloading [===>                                               ]  6.291MB/83.14MB
 5f7fd8c7c2ce Downloading [==============>                                    ]  29.36MB/102MB
 d36cc68f1b7b Downloading [==================================>                ]  2.097MB/3.072MB
 0bd713040ebb Download complete 
 003884c94e5e Downloading [===>                                               ]  6.291MB/83.14MB
 5f7fd8c7c2ce Downloading [==============>                                    ]  29.36MB/102MB
 d36cc68f1b7b Downloading [==================================>                ]  2.097MB/3.072MB
 bc1208468eb9 Downloading [===>                                               ]  4.194MB/59.16MB
 c68b486ef412 Downloading [========>                                          ]  11.53MB/64.48MB
 0bd713040ebb Extracting 1 s
 bc1208468eb9 Downloading [====>                                              ]  5.243MB/59.16MB
 c68b486ef412 Downloading [========>                                          ]  11.53MB/64.48MB
 d36cc68f1b7b Downloading [==================================>                ]  2.097MB/3.072MB
 003884c94e5e Downloading [===>                                               ]  6.291MB/83.14MB
 5f7fd8c7c2ce Downloading [==============>                                    ]  29.36MB/102MB
 0bd713040ebb Extracting 1 s
 d36cc68f1b7b Downloading [==================================>                ]  2.097MB/3.072MB
 003884c94e5e Downloading [===>                                               ]  6.291MB/83.14MB
 5f7fd8c7c2ce Downloading [==============>                                    ]  29.36MB/102MB
 bc1208468eb9 Downloading [====>                                              ]  5.243MB/59.16MB
 c68b486ef412 Downloading [========>                                          ]  11.53MB/64.48MB
 143cd8686755 Pull complete 
 ddc5449816d6 Extracting 1 s
 0bd713040ebb Pull complete 
 d36cc68f1b7b Download complete 
 003884c94e5e Downloading [===>                                               ]  6.291MB/83.14MB
 5f7fd8c7c2ce Downloading [==============>                                    ]  29.36MB/102MB
 bc1208468eb9 Downloading [====>                                              ]  5.243MB/59.16MB
 c68b486ef412 Downloading [========>                                          ]  11.53MB/64.48MB
 d36cc68f1b7b Pull complete 
 dns-exporter Pulled 
 bc1208468eb9 Downloading [=====>                                             ]  6.291MB/59.16MB
 c68b486ef412 Downloading [========>                                          ]  11.59MB/64.48MB
 ddc5449816d6 Extracting 1 s
 003884c94e5e Downloading [====>                                              ]   7.34MB/83.14MB
 5f7fd8c7c2ce Downloading [==============>                                    ]  30.41MB/102MB
 bc1208468eb9 Downloading [======>                                            ]   7.34MB/59.16MB
 c68b486ef412 Downloading [=========>                                         ]  12.58MB/64.48MB
 ddc5449816d6 Extracting 1 s
 5f7fd8c7c2ce Downloading [==============>                                    ]  30.41MB/102MB
 003884c94e5e Downloading [====>                                              ]   7.34MB/83.14MB
 c68b486ef412 Downloading [=========>                                         ]  12.58MB/64.48MB
 bc1208468eb9 Downloading [======>                                            ]  7.451MB/59.16MB
 ddc5449816d6 Extracting 1 s
 003884c94e5e Downloading [=====>                                             ]  8.389MB/83.14MB
 5f7fd8c7c2ce Downloading [==============>                                    ]  30.41MB/102MB
 bc1208468eb9 Downloading [=======>                                           ]  9.437MB/59.16MB
 c68b486ef412 Downloading [=========>                                         ]  12.58MB/64.48MB
 ddc5449816d6 Extracting 1 s
 003884c94e5e Downloading [=====>                                             ]  8.389MB/83.14MB
 5f7fd8c7c2ce Downloading [==============>                                    ]  30.41MB/102MB
 c68b486ef412 Downloading [==========>                                        ]  13.63MB/64.48MB
 bc1208468eb9 Downloading [=======>                                           ]  9.437MB/59.16MB
 ddc5449816d6 Extracting 1 s
 003884c94e5e Downloading [=====>                                             ]  9.437MB/83.14MB
 5f7fd8c7c2ce Downloading [===============>                                   ]  31.46MB/102MB
 4f4fb700ef54 Extracting 1 s
 bc1208468eb9 Downloading [=======>                                           ]  9.437MB/59.16MB
 c68b486ef412 Downloading [==========>                                        ]  13.63MB/64.48MB
 ddc5449816d6 Pull complete 
 bc1208468eb9 Downloading [=======>                                           ]  9.437MB/59.16MB
 c68b486ef412 Downloading [==========>                                        ]  13.63MB/64.48MB
 003884c94e5e Downloading [=====>                                             ]  9.437MB/83.14MB
 5f7fd8c7c2ce Downloading [===============>                                   ]  31.46MB/102MB
 4f4fb700ef54 Pull complete 
 5ff3f0b4303b Extracting 1 s
 d92c7d4b1c79 Pull complete 
 003884c94e5e Downloading [=====>                                             ]  9.437MB/83.14MB
 5f7fd8c7c2ce Downloading [===============>                                   ]  31.46MB/102MB
 bc1208468eb9 Downloading [========>                                          ]  10.49MB/59.16MB
 c68b486ef412 Downloading [==========>                                        ]  13.63MB/64.48MB
 5ff3f0b4303b Pull complete 
 bc1208468eb9 Downloading [=========>                                         ]  11.53MB/59.16MB
 c68b486ef412 Downloading [==========>                                        ]  13.63MB/64.48MB
 5f7fd8c7c2ce Downloading [===============>                                   ]  31.46MB/102MB
 003884c94e5e Downloading [======>                                            ]  10.49MB/83.14MB
 5f7fd8c7c2ce Downloading [===============>                                   ]  31.46MB/102MB
 003884c94e5e Downloading [======>                                            ]  10.49MB/83.14MB
 bc1208468eb9 Downloading [=========>                                         ]  11.53MB/59.16MB
 c68b486ef412 Downloading [==========>                                        ]  13.63MB/64.48MB
 5f7fd8c7c2ce Downloading [===============>                                   ]  31.46MB/102MB
 003884c94e5e Downloading [======>                                            ]  11.53MB/83.14MB
 bc1208468eb9 Downloading [==========>                                        ]  12.58MB/59.16MB
 c68b486ef412 Downloading [==========>                                        ]  13.63MB/64.48MB
 bc1208468eb9 Downloading [==========>                                        ]  12.58MB/59.16MB
 c68b486ef412 Downloading [===========>                                       ]  14.68MB/64.48MB
 5f7fd8c7c2ce Downloading [===============>                                   ]  32.51MB/102MB
 003884c94e5e Downloading [======>                                            ]  11.53MB/83.14MB
 003884c94e5e Downloading [======>                                            ]  11.53MB/83.14MB
 5f7fd8c7c2ce Downloading [===============>                                   ]  32.51MB/102MB
 bc1208468eb9 Downloading [==========>                                        ]  12.58MB/59.16MB
 c68b486ef412 Downloading [===========>                                       ]  14.68MB/64.48MB
 5f7fd8c7c2ce Downloading [===============>                                   ]  32.51MB/102MB
 003884c94e5e Downloading [=======>                                           ]  12.58MB/83.14MB
 bc1208468eb9 Downloading [===========>                                       ]  13.63MB/59.16MB
 c68b486ef412 Downloading [===========>                                       ]  14.68MB/64.48MB
 5f7fd8c7c2ce Downloading [===============>                                   ]  32.51MB/102MB
 003884c94e5e Downloading [=======>                                           ]  12.58MB/83.14MB
 bc1208468eb9 Downloading [===========>                                       ]  13.63MB/59.16MB
 c68b486ef412 Downloading [===========>                                       ]  14.68MB/64.48MB
 5f7fd8c7c2ce Downloading [================>                                  ]  33.55MB/102MB
 003884c94e5e Downloading [=======>                                           ]  12.58MB/83.14MB
 bc1208468eb9 Downloading [============>                                      ]  14.68MB/59.16MB
 c68b486ef412 Downloading [============>                                      ]  15.73MB/64.48MB
 003884c94e5e Downloading [========>                                          ]  13.63MB/83.14MB
 5f7fd8c7c2ce Downloading [================>                                  ]  33.55MB/102MB
 bc1208468eb9 Downloading [============>                                      ]  14.68MB/59.16MB
 c68b486ef412 Downloading [============>                                      ]  15.73MB/64.48MB
 5f7fd8c7c2ce Downloading [================>                                  ]  33.55MB/102MB
 003884c94e5e Downloading [========>                                          ]  13.63MB/83.14MB
 bc1208468eb9 Downloading [============>                                      ]  14.68MB/59.16MB
 c68b486ef412 Downloading [============>                                      ]  15.73MB/64.48MB
 003884c94e5e Downloading [========>                                          ]  13.63MB/83.14MB
 5f7fd8c7c2ce Downloading [================>                                  ]  33.55MB/102MB
 bc1208468eb9 Downloading [============>                                      ]  15.22MB/59.16MB
 c68b486ef412 Downloading [============>                                      ]  15.73MB/64.48MB
 bc1208468eb9 Downloading [=============>                                     ]  15.73MB/59.16MB
 c68b486ef412 Downloading [=============>                                     ]  16.78MB/64.48MB
 003884c94e5e Downloading [========>                                          ]  13.63MB/83.14MB
 5f7fd8c7c2ce Downloading [================>                                  ]  33.55MB/102MB
 5f7fd8c7c2ce Downloading [================>                                  ]   34.6MB/102MB
 003884c94e5e Downloading [========>                                          ]  14.68MB/83.14MB
 bc1208468eb9 Downloading [=============>                                     ]  15.73MB/59.16MB
 c68b486ef412 Downloading [=============>                                     ]  16.78MB/64.48MB
 5f7fd8c7c2ce Downloading [================>                                  ]   34.6MB/102MB
 003884c94e5e Downloading [========>                                          ]  14.68MB/83.14MB
 c68b486ef412 Downloading [=============>                                     ]  16.78MB/64.48MB
 bc1208468eb9 Downloading [==============>                                    ]  16.78MB/59.16MB
 003884c94e5e Downloading [========>                                          ]  14.68MB/83.14MB
 5f7fd8c7c2ce Downloading [================>                                  ]   34.6MB/102MB
 bc1208468eb9 Downloading [==============>                                    ]  16.78MB/59.16MB
 c68b486ef412 Downloading [=============>                                     ]  16.78MB/64.48MB
 5f7fd8c7c2ce Downloading [=================>                                 ]  35.65MB/102MB
 003884c94e5e Downloading [========>                                          ]  14.68MB/83.14MB
 bc1208468eb9 Downloading [==============>                                    ]  16.78MB/59.16MB
 c68b486ef412 Downloading [=============>                                     ]  17.83MB/64.48MB
 003884c94e5e Downloading [=========>                                         ]  15.73MB/83.14MB
 5f7fd8c7c2ce Downloading [=================>                                 ]  35.65MB/102MB
 bc1208468eb9 Downloading [==============>                                    ]  16.78MB/59.16MB
 c68b486ef412 Downloading [=============>                                     ]  17.83MB/64.48MB
 003884c94e5e Downloading [=========>                                         ]  15.73MB/83.14MB
 5f7fd8c7c2ce Downloading [=================>                                 ]   36.7MB/102MB
 bc1208468eb9 Downloading [===============>                                   ]  17.83MB/59.16MB
 c68b486ef412 Downloading [==============>                                    ]  18.87MB/64.48MB
 bc1208468eb9 Downloading [===============>                                   ]  17.83MB/59.16MB
 c68b486ef412 Downloading [==============>                                    ]  18.87MB/64.48MB
 5f7fd8c7c2ce Downloading [=================>                                 ]   36.7MB/102MB
 003884c94e5e Downloading [=========>                                         ]  15.73MB/83.14MB
 bc1208468eb9 Downloading [===============>                                   ]  17.83MB/59.16MB
 c68b486ef412 Downloading [==============>                                    ]  18.87MB/64.48MB
 003884c94e5e Downloading [=========>                                         ]  15.73MB/83.14MB
 5f7fd8c7c2ce Downloading [=================>                                 ]   36.7MB/102MB
 bc1208468eb9 Downloading [===============>                                   ]  17.83MB/59.16MB
 c68b486ef412 Downloading [==============>                                    ]  18.87MB/64.48MB
 5f7fd8c7c2ce Downloading [==================>                                ]  37.75MB/102MB
 003884c94e5e Downloading [==========>                                        ]  16.78MB/83.14MB
 bc1208468eb9 Downloading [===============>                                   ]  18.87MB/59.16MB
 c68b486ef412 Downloading [===============>                                   ]  19.92MB/64.48MB
 003884c94e5e Downloading [==========>                                        ]  16.78MB/83.14MB
 5f7fd8c7c2ce Downloading [==================>                                ]  37.75MB/102MB
 5f7fd8c7c2ce Downloading [===================>                               ]   38.8MB/102MB
 003884c94e5e Downloading [==========>                                        ]  16.78MB/83.14MB
 bc1208468eb9 Downloading [===============>                                   ]  18.87MB/59.16MB
 c68b486ef412 Downloading [===============>                                   ]  19.92MB/64.48MB
 003884c94e5e Downloading [==========>                                        ]  17.83MB/83.14MB
 5f7fd8c7c2ce Downloading [===================>                               ]   38.8MB/102MB
 bc1208468eb9 Downloading [===============>                                   ]  18.87MB/59.16MB
 c68b486ef412 Downloading [===============>                                   ]  19.92MB/64.48MB
 bc1208468eb9 Downloading [===============>                                   ]  18.87MB/59.16MB
 c68b486ef412 Downloading [===============>                                   ]  19.92MB/64.48MB
 003884c94e5e Downloading [==========>                                        ]  17.83MB/83.14MB
 5f7fd8c7c2ce Downloading [===================>                               ]   38.8MB/102MB
 bc1208468eb9 Downloading [================>                                  ]  19.92MB/59.16MB
 c68b486ef412 Downloading [================>                                  ]  20.97MB/64.48MB
 003884c94e5e Downloading [==========>                                        ]  17.83MB/83.14MB
 5f7fd8c7c2ce Downloading [===================>                               ]   38.8MB/102MB
 bc1208468eb9 Downloading [================>                                  ]  19.92MB/59.16MB
 c68b486ef412 Downloading [================>                                  ]  20.97MB/64.48MB
 003884c94e5e Downloading [==========>                                        ]  17.83MB/83.14MB
 5f7fd8c7c2ce Downloading [===================>                               ]  39.85MB/102MB
 bc1208468eb9 Downloading [================>                                  ]  19.92MB/59.16MB
 c68b486ef412 Downloading [================>                                  ]  20.97MB/64.48MB
 5f7fd8c7c2ce Downloading [===================>                               ]  39.85MB/102MB
 003884c94e5e Downloading [===========>                                       ]  18.87MB/83.14MB
 bc1208468eb9 Downloading [================>                                  ]  19.92MB/59.16MB
 c68b486ef412 Downloading [=================>                                 ]  22.02MB/64.48MB
 003884c94e5e Downloading [===========>                                       ]  18.87MB/83.14MB
 5f7fd8c7c2ce Downloading [====================>                              ]  40.89MB/102MB
 bc1208468eb9 Downloading [=================>                                 ]  20.97MB/59.16MB
 c68b486ef412 Downloading [=================>                                 ]  22.02MB/64.48MB
 003884c94e5e Downloading [===========>                                       ]  18.87MB/83.14MB
 5f7fd8c7c2ce Downloading [====================>                              ]  40.89MB/102MB
 bc1208468eb9 Downloading [=================>                                 ]  20.97MB/59.16MB
 c68b486ef412 Downloading [=================>                                 ]  22.02MB/64.48MB
 003884c94e5e Downloading [===========>                                       ]  18.87MB/83.14MB
 5f7fd8c7c2ce Downloading [====================>                              ]  40.89MB/102MB
 003884c94e5e Downloading [===========>                                       ]  19.92MB/83.14MB
 5f7fd8c7c2ce Downloading [====================>                              ]  41.94MB/102MB
 bc1208468eb9 Downloading [=================>                                 ]  20.97MB/59.16MB
 c68b486ef412 Downloading [=================>                                 ]  23.07MB/64.48MB
 bc1208468eb9 Downloading [==================>                                ]  22.02MB/59.16MB
 c68b486ef412 Downloading [=================>                                 ]  23.07MB/64.48MB
 5f7fd8c7c2ce Downloading [====================>                              ]  41.94MB/102MB
 003884c94e5e Downloading [===========>                                       ]  19.92MB/83.14MB
 003884c94e5e Downloading [===========>                                       ]  19.92MB/83.14MB
 5f7fd8c7c2ce Downloading [=====================>                             ]  42.99MB/102MB
 bc1208468eb9 Downloading [==================>                                ]  22.02MB/59.16MB
 c68b486ef412 Downloading [=================>                                 ]  23.07MB/64.48MB
 bc1208468eb9 Downloading [==================>                                ]  22.02MB/59.16MB
 c68b486ef412 Downloading [==================>                                ]  24.12MB/64.48MB
 5f7fd8c7c2ce Downloading [=====================>                             ]  42.99MB/102MB
 003884c94e5e Downloading [===========>                                       ]  19.92MB/83.14MB
 bc1208468eb9 Downloading [==================>                                ]  22.02MB/59.16MB
 c68b486ef412 Downloading [==================>                                ]  24.12MB/64.48MB
 5f7fd8c7c2ce Downloading [=====================>                             ]  42.99MB/102MB
 003884c94e5e Downloading [===========>                                       ]  19.92MB/83.14MB
 bc1208468eb9 Downloading [===================>                               ]  23.07MB/59.16MB
 c68b486ef412 Downloading [==================>                                ]  24.12MB/64.48MB
 003884c94e5e Downloading [============>                                      ]  20.97MB/83.14MB
 5f7fd8c7c2ce Downloading [=====================>                             ]  42.99MB/102MB
 bc1208468eb9 Downloading [===================>                               ]  23.07MB/59.16MB
 c68b486ef412 Downloading [==================>                                ]  24.12MB/64.48MB
 5f7fd8c7c2ce Downloading [=====================>                             ]  44.04MB/102MB
 003884c94e5e Downloading [============>                                      ]  20.97MB/83.14MB
 bc1208468eb9 Downloading [===================>                               ]  23.07MB/59.16MB
 c68b486ef412 Downloading [===================>                               ]  25.17MB/64.48MB
 003884c94e5e Downloading [=============>                                     ]  22.02MB/83.14MB
 5f7fd8c7c2ce Downloading [=====================>                             ]  44.04MB/102MB
 bc1208468eb9 Downloading [====================>                              ]  24.12MB/59.16MB
 c68b486ef412 Downloading [===================>                               ]  25.17MB/64.48MB
 003884c94e5e Downloading [=============>                                     ]  22.02MB/83.14MB
 5f7fd8c7c2ce Downloading [=====================>                             ]  44.04MB/102MB
 5f7fd8c7c2ce Downloading [=====================>                             ]  44.04MB/102MB
 003884c94e5e Downloading [=============>                                     ]  22.02MB/83.14MB
 bc1208468eb9 Downloading [====================>                              ]  24.12MB/59.16MB
 c68b486ef412 Downloading [===================>                               ]  25.17MB/64.48MB
 bc1208468eb9 Downloading [====================>                              ]  24.12MB/59.16MB
 c68b486ef412 Downloading [===================>                               ]  25.17MB/64.48MB
 003884c94e5e Downloading [=============>                                     ]  22.02MB/83.14MB
 5f7fd8c7c2ce Downloading [======================>                            ]  45.09MB/102MB
 c68b486ef412 Downloading [====================>                              ]  26.21MB/64.48MB
 bc1208468eb9 Downloading [=====================>                             ]  25.17MB/59.16MB
 5f7fd8c7c2ce Downloading [======================>                            ]  45.09MB/102MB
 003884c94e5e Downloading [=============>                                     ]  23.07MB/83.14MB
 c68b486ef412 Downloading [====================>                              ]  26.21MB/64.48MB
 bc1208468eb9 Downloading [=====================>                             ]  25.17MB/59.16MB
 003884c94e5e Downloading [=============>                                     ]  23.07MB/83.14MB
 5f7fd8c7c2ce Downloading [======================>                            ]  45.09MB/102MB
 5f7fd8c7c2ce Downloading [======================>                            ]  45.09MB/102MB
 003884c94e5e Downloading [=============>                                     ]  23.07MB/83.14MB
 bc1208468eb9 Downloading [======================>                            ]  26.21MB/59.16MB
 c68b486ef412 Downloading [====================>                              ]  26.21MB/64.48MB
 003884c94e5e Downloading [==============>                                    ]  24.12MB/83.14MB
 5f7fd8c7c2ce Downloading [======================>                            ]  46.14MB/102MB
 bc1208468eb9 Downloading [======================>                            ]  26.21MB/59.16MB
 c68b486ef412 Downloading [====================>                              ]  26.21MB/64.48MB
 003884c94e5e Downloading [==============>                                    ]  24.12MB/83.14MB
 5f7fd8c7c2ce Downloading [======================>                            ]  46.14MB/102MB
 bc1208468eb9 Downloading [======================>                            ]  26.21MB/59.16MB
 c68b486ef412 Downloading [=====================>                             ]  27.26MB/64.48MB
 bc1208468eb9 Downloading [=======================>                           ]  27.26MB/59.16MB
 c68b486ef412 Downloading [=====================>                             ]  27.26MB/64.48MB
 003884c94e5e Downloading [===============>                                   ]  25.17MB/83.14MB
 5f7fd8c7c2ce Downloading [======================>                            ]  46.14MB/102MB
 bc1208468eb9 Downloading [=======================>                           ]  27.26MB/59.16MB
 c68b486ef412 Downloading [=====================>                             ]  27.26MB/64.48MB
 003884c94e5e Downloading [===============>                                   ]  25.17MB/83.14MB
 5f7fd8c7c2ce Downloading [======================>                            ]  46.14MB/102MB
 bc1208468eb9 Downloading [=======================>                           ]  28.31MB/59.16MB
 c68b486ef412 Downloading [=====================>                             ]  27.26MB/64.48MB
 003884c94e5e Downloading [===============>                                   ]  25.17MB/83.14MB
 5f7fd8c7c2ce Downloading [=======================>                           ]  47.19MB/102MB
 003884c94e5e Downloading [===============>                                   ]  26.21MB/83.14MB
 5f7fd8c7c2ce Downloading [=======================>                           ]  47.19MB/102MB
 bc1208468eb9 Downloading [=======================>                           ]  28.31MB/59.16MB
 c68b486ef412 Downloading [=====================>                             ]  28.31MB/64.48MB
 003884c94e5e Downloading [===============>                                   ]  26.21MB/83.14MB
 5f7fd8c7c2ce Downloading [=======================>                           ]  47.19MB/102MB
 bc1208468eb9 Downloading [=======================>                           ]  28.31MB/59.16MB
 c68b486ef412 Downloading [=====================>                             ]  28.31MB/64.48MB
 bc1208468eb9 Downloading [========================>                          ]  29.36MB/59.16MB
 c68b486ef412 Downloading [=====================>                             ]  28.31MB/64.48MB
 003884c94e5e Downloading [===============>                                   ]  26.21MB/83.14MB
 5f7fd8c7c2ce Downloading [=======================>                           ]  47.19MB/102MB
 003884c94e5e Downloading [===============>                                   ]  26.21MB/83.14MB
 5f7fd8c7c2ce Downloading [=======================>                           ]  48.23MB/102MB
 bc1208468eb9 Downloading [========================>                          ]  29.36MB/59.16MB
 c68b486ef412 Downloading [=====================>                             ]  28.31MB/64.48MB
 bc1208468eb9 Downloading [========================>                          ]  29.36MB/59.16MB
 c68b486ef412 Downloading [======================>                            ]  29.36MB/64.48MB
 5f7fd8c7c2ce Downloading [=======================>                           ]  48.23MB/102MB
 003884c94e5e Downloading [================>                                  ]  27.26MB/83.14MB
 003884c94e5e Downloading [================>                                  ]  27.26MB/83.14MB
 5f7fd8c7c2ce Downloading [=======================>                           ]  48.23MB/102MB
 bc1208468eb9 Downloading [=========================>                         ]  30.41MB/59.16MB
 c68b486ef412 Downloading [======================>                            ]  29.36MB/64.48MB
 bc1208468eb9 Downloading [=========================>                         ]  30.41MB/59.16MB
 c68b486ef412 Downloading [======================>                            ]  29.36MB/64.48MB
 5f7fd8c7c2ce Downloading [=======================>                           ]  48.23MB/102MB
 003884c94e5e Downloading [================>                                  ]  27.26MB/83.14MB
 003884c94e5e Downloading [=================>                                 ]  28.31MB/83.14MB
 5f7fd8c7c2ce Downloading [========================>                          ]  49.28MB/102MB
 bc1208468eb9 Downloading [=========================>                         ]  30.41MB/59.16MB
 c68b486ef412 Downloading [=======================>                           ]  30.41MB/64.48MB
 5f7fd8c7c2ce Downloading [========================>                          ]  49.28MB/102MB
 003884c94e5e Downloading [=================>                                 ]  28.31MB/83.14MB
 c68b486ef412 Downloading [=======================>                           ]  30.41MB/64.48MB
 bc1208468eb9 Downloading [=========================>                         ]  30.41MB/59.16MB
 5f7fd8c7c2ce Downloading [========================>                          ]  50.33MB/102MB
 003884c94e5e Downloading [=================>                                 ]  28.31MB/83.14MB
 bc1208468eb9 Downloading [==========================>                        ]  31.46MB/59.16MB
 c68b486ef412 Downloading [=======================>                           ]  30.41MB/64.48MB
 bc1208468eb9 Downloading [==========================>                        ]  31.46MB/59.16MB
 c68b486ef412 Downloading [========================>                          ]  31.46MB/64.48MB
 5f7fd8c7c2ce Downloading [========================>                          ]  50.33MB/102MB
 003884c94e5e Downloading [=================>                                 ]  28.31MB/83.14MB
 bc1208468eb9 Downloading [==========================>                        ]  31.46MB/59.16MB
 c68b486ef412 Downloading [========================>                          ]  31.46MB/64.48MB
 003884c94e5e Downloading [=================>                                 ]  28.31MB/83.14MB
 5f7fd8c7c2ce Downloading [========================>                          ]  50.33MB/102MB
 bc1208468eb9 Downloading [==========================>                        ]  31.46MB/59.16MB
 c68b486ef412 Downloading [========================>                          ]  31.46MB/64.48MB
 003884c94e5e Downloading [=================>                                 ]  29.36MB/83.14MB
 5f7fd8c7c2ce Downloading [=========================>                         ]  51.38MB/102MB
 bc1208468eb9 Downloading [===========================>                       ]  32.51MB/59.16MB
 c68b486ef412 Downloading [=========================>                         ]  32.51MB/64.48MB
 5f7fd8c7c2ce Downloading [=========================>                         ]  51.38MB/102MB
 003884c94e5e Downloading [=================>                                 ]  29.36MB/83.14MB
 bc1208468eb9 Downloading [===========================>                       ]  32.51MB/59.16MB
 c68b486ef412 Downloading [=========================>                         ]  32.51MB/64.48MB
 003884c94e5e Downloading [=================>                                 ]  29.36MB/83.14MB
 5f7fd8c7c2ce Downloading [=========================>                         ]  52.43MB/102MB
 003884c94e5e Downloading [=================>                                 ]  29.36MB/83.14MB
 bc1208468eb9 Downloading [===========================>                       ]  32.51MB/59.16MB
 c68b486ef412 Downloading [=========================>                         ]  32.51MB/64.48MB
 5f7fd8c7c2ce Downloading [=========================>                         ]  52.43MB/102MB
 003884c94e5e Downloading [==================>                                ]  30.41MB/83.14MB
 5f7fd8c7c2ce Downloading [=========================>                         ]  52.43MB/102MB
 bc1208468eb9 Downloading [===========================>                       ]  32.51MB/59.16MB
 c68b486ef412 Downloading [=========================>                         ]  32.51MB/64.48MB
 bc1208468eb9 Downloading [===========================>                       ]  32.51MB/59.16MB
 c68b486ef412 Downloading [=========================>                         ]  32.51MB/64.48MB
 5f7fd8c7c2ce Downloading [=========================>                         ]  52.43MB/102MB
 003884c94e5e Downloading [==================>                                ]  30.41MB/83.14MB
 bc1208468eb9 Downloading [============================>                      ]  33.55MB/59.16MB
 c68b486ef412 Downloading [==========================>                        ]  33.55MB/64.48MB
 003884c94e5e Downloading [==================>                                ]  30.41MB/83.14MB
 5f7fd8c7c2ce Downloading [==========================>                        ]  53.48MB/102MB
 003884c94e5e Downloading [==================>                                ]  31.46MB/83.14MB
 5f7fd8c7c2ce Downloading [==========================>                        ]  53.48MB/102MB
 bc1208468eb9 Downloading [============================>                      ]  33.55MB/59.16MB
 c68b486ef412 Downloading [==========================>                        ]  33.55MB/64.48MB
 003884c94e5e Downloading [==================>                                ]  31.46MB/83.14MB
 5f7fd8c7c2ce Downloading [==========================>                        ]  53.48MB/102MB
 bc1208468eb9 Downloading [============================>                      ]  33.55MB/59.16MB
 c68b486ef412 Downloading [==========================>                        ]   34.6MB/64.48MB
 c68b486ef412 Downloading [==========================>                        ]   34.6MB/64.48MB
 003884c94e5e Downloading [===================>                               ]  32.51MB/83.14MB
 bc1208468eb9 Downloading [=============================>                     ]   34.6MB/59.16MB
 5f7fd8c7c2ce Downloading [==========================>                        ]  54.53MB/102MB
 003884c94e5e Downloading [===================>                               ]  32.51MB/83.14MB
 5f7fd8c7c2ce Downloading [==========================>                        ]  54.53MB/102MB
 bc1208468eb9 Downloading [=============================>                     ]   34.6MB/59.16MB
 c68b486ef412 Downloading [==========================>                        ]   34.6MB/64.48MB
 003884c94e5e Downloading [====================>                              ]  33.55MB/83.14MB
 5f7fd8c7c2ce Downloading [==========================>                        ]  54.53MB/102MB
 bc1208468eb9 Downloading [=============================>                     ]   34.6MB/59.16MB
 c68b486ef412 Downloading [==========================>                        ]   34.6MB/64.48MB
 003884c94e5e Downloading [====================>                              ]  33.55MB/83.14MB
 5f7fd8c7c2ce Downloading [==========================>                        ]  54.53MB/102MB
 bc1208468eb9 Downloading [=============================>                     ]   34.6MB/59.16MB
 c68b486ef412 Downloading [===========================>                       ]  35.65MB/64.48MB
 003884c94e5e Downloading [====================>                              ]  33.55MB/83.14MB
 5f7fd8c7c2ce Downloading [===========================>                       ]  55.57MB/102MB
 bc1208468eb9 Downloading [=============================>                     ]   34.6MB/59.16MB
 c68b486ef412 Downloading [===========================>                       ]  35.65MB/64.48MB
 bc1208468eb9 Downloading [=============================>                     ]   34.6MB/59.16MB
 c68b486ef412 Downloading [===========================>                       ]  35.65MB/64.48MB
 003884c94e5e Downloading [====================>                              ]   34.6MB/83.14MB
 5f7fd8c7c2ce Downloading [===========================>                       ]  55.57MB/102MB
 bc1208468eb9 Downloading [==============================>                    ]  35.65MB/59.16MB
 c68b486ef412 Downloading [===========================>                       ]  35.65MB/64.48MB
 5f7fd8c7c2ce Downloading [===========================>                       ]  55.57MB/102MB
 003884c94e5e Downloading [====================>                              ]   34.6MB/83.14MB
 bc1208468eb9 Downloading [==============================>                    ]  35.65MB/59.16MB
 c68b486ef412 Downloading [============================>                      ]   36.7MB/64.48MB
 003884c94e5e Downloading [=====================>                             ]  35.65MB/83.14MB
 5f7fd8c7c2ce Downloading [===========================>                       ]  55.57MB/102MB
 5f7fd8c7c2ce Downloading [===========================>                       ]  55.57MB/102MB
 003884c94e5e Downloading [=====================>                             ]  35.65MB/83.14MB
 c68b486ef412 Downloading [============================>                      ]   36.7MB/64.48MB
 bc1208468eb9 Downloading [==============================>                    ]  35.65MB/59.16MB
 5f7fd8c7c2ce Downloading [===========================>                       ]  55.57MB/102MB
 003884c94e5e Downloading [=====================>                             ]  35.65MB/83.14MB
 003884c94e5e Downloading [======================>                            ]   36.7MB/83.14MB
 5f7fd8c7c2ce Downloading [===========================>                       ]  56.62MB/102MB
 bc1208468eb9 Downloading [===============================>                   ]  37.75MB/59.16MB
 c68b486ef412 Downloading [==============================>                    ]   38.8MB/64.48MB
 5f7fd8c7c2ce Downloading [============================>                      ]  57.67MB/102MB
 003884c94e5e Downloading [======================>                            ]  37.75MB/83.14MB
 003884c94e5e Downloading [======================>                            ]  37.93MB/83.14MB
 5f7fd8c7c2ce Downloading [============================>                      ]  58.72MB/102MB
 bc1208468eb9 Downloading [=================================>                 ]  39.85MB/59.16MB
 c68b486ef412 Downloading [==============================>                    ]  39.85MB/64.48MB
 5f7fd8c7c2ce Downloading [=============================>                     ]  59.77MB/102MB
 003884c94e5e Downloading [=======================>                           ]   38.8MB/83.14MB
 bc1208468eb9 Downloading [=================================>                 ]  39.85MB/59.16MB
 c68b486ef412 Downloading [===============================>                   ]  40.89MB/64.48MB
 5f7fd8c7c2ce Downloading [==============================>                    ]  61.21MB/102MB
 003884c94e5e Downloading [=======================>                           ]   38.8MB/83.14MB
 bc1208468eb9 Downloading [=================================>                 ]  39.85MB/59.16MB
 c68b486ef412 Downloading [===============================>                   ]  40.89MB/64.48MB
 bc1208468eb9 Downloading [==================================>                ]  40.89MB/59.16MB
 c68b486ef412 Downloading [================================>                  ]  41.94MB/64.48MB
 003884c94e5e Downloading [=======================>                           ]  39.85MB/83.14MB
 5f7fd8c7c2ce Downloading [===============================>                   ]  63.96MB/102MB
 bc1208468eb9 Downloading [==================================>                ]  40.89MB/59.16MB
 c68b486ef412 Downloading [================================>                  ]  41.94MB/64.48MB
 003884c94e5e Downloading [=======================>                           ]  39.85MB/83.14MB
 5f7fd8c7c2ce Downloading [===============================>                   ]  65.01MB/102MB
 bc1208468eb9 Downloading [===================================>               ]  41.94MB/59.16MB
 c68b486ef412 Downloading [=================================>                 ]  42.99MB/64.48MB
 003884c94e5e Downloading [========================>                          ]  40.89MB/83.14MB
 5f7fd8c7c2ce Downloading [================================>                  ]  66.06MB/102MB
 003884c94e5e Downloading [========================>                          ]  40.89MB/83.14MB
 5f7fd8c7c2ce Downloading [================================>                  ]  66.06MB/102MB
 bc1208468eb9 Downloading [===================================>               ]  41.94MB/59.16MB
 c68b486ef412 Downloading [==================================>                ]  44.04MB/64.48MB
 003884c94e5e Downloading [========================>                          ]  40.89MB/83.14MB
 5f7fd8c7c2ce Downloading [================================>                  ]  66.06MB/102MB
 bc1208468eb9 Downloading [===================================>               ]  41.94MB/59.16MB
 c68b486ef412 Downloading [==================================>                ]  44.04MB/64.48MB
 5f7fd8c7c2ce Downloading [================================>                  ]  67.11MB/102MB
 003884c94e5e Downloading [========================>                          ]  40.89MB/83.14MB
 bc1208468eb9 Downloading [====================================>              ]  42.99MB/59.16MB
 c68b486ef412 Downloading [==================================>                ]  45.09MB/64.48MB
 5f7fd8c7c2ce Downloading [================================>                  ]  67.11MB/102MB
 003884c94e5e Downloading [=========================>                         ]  41.94MB/83.14MB
 bc1208468eb9 Downloading [====================================>              ]  42.99MB/59.16MB
 c68b486ef412 Downloading [==================================>                ]  45.09MB/64.48MB
 5f7fd8c7c2ce Downloading [================================>                  ]  67.11MB/102MB
 003884c94e5e Downloading [=========================>                         ]  41.94MB/83.14MB
 bc1208468eb9 Downloading [====================================>              ]  42.99MB/59.16MB
 c68b486ef412 Downloading [==================================>                ]  45.09MB/64.48MB
 003884c94e5e Downloading [=========================>                         ]  41.94MB/83.14MB
 5f7fd8c7c2ce Downloading [=================================>                 ]  68.16MB/102MB
 bc1208468eb9 Downloading [====================================>              ]  42.99MB/59.16MB
 c68b486ef412 Downloading [===================================>               ]  46.14MB/64.48MB
 bc1208468eb9 Downloading [=====================================>             ]  44.04MB/59.16MB
 003884c94e5e Downloading [=========================>                         ]  42.99MB/83.14MB
 5f7fd8c7c2ce Downloading [=================================>                 ]  68.16MB/102MB
 c68b486ef412 Downloading [===================================>               ]  46.14MB/64.48MB
 003884c94e5e Downloading [=========================>                         ]  42.99MB/83.14MB
 5f7fd8c7c2ce Downloading [=================================>                 ]  68.16MB/102MB
 bc1208468eb9 Downloading [=====================================>             ]  44.04MB/59.16MB
 c68b486ef412 Downloading [===================================>               ]  46.14MB/64.48MB
 bc1208468eb9 Downloading [=====================================>             ]  44.04MB/59.16MB
 c68b486ef412 Downloading [====================================>              ]  47.19MB/64.48MB
 5f7fd8c7c2ce Downloading [=================================>                 ]  68.16MB/102MB
 003884c94e5e Downloading [=========================>                         ]  42.99MB/83.14MB
 5f7fd8c7c2ce Downloading [=================================>                 ]  68.16MB/102MB
 003884c94e5e Downloading [=========================>                         ]  42.99MB/83.14MB
 bc1208468eb9 Downloading [=====================================>             ]  44.04MB/59.16MB
 c68b486ef412 Downloading [====================================>              ]  47.19MB/64.48MB
 bc1208468eb9 Downloading [=====================================>             ]  44.04MB/59.16MB
 003884c94e5e Downloading [==========================>                        ]  44.04MB/83.14MB
 c68b486ef412 Downloading [====================================>              ]  47.19MB/64.48MB
 5f7fd8c7c2ce Downloading [=================================>                 ]  68.16MB/102MB
 bc1208468eb9 Downloading [======================================>            ]  45.09MB/59.16MB
 c68b486ef412 Downloading [=====================================>             ]  48.23MB/64.48MB
 5f7fd8c7c2ce Downloading [=================================>                 ]  68.16MB/102MB
 003884c94e5e Downloading [==========================>                        ]  44.04MB/83.14MB
 5f7fd8c7c2ce Downloading [=================================>                 ]  68.16MB/102MB
 bc1208468eb9 Downloading [======================================>            ]  45.09MB/59.16MB
 003884c94e5e Downloading [==========================>                        ]  44.04MB/83.14MB
 c68b486ef412 Downloading [=====================================>             ]  48.23MB/64.48MB
 003884c94e5e Downloading [===========================>                       ]  45.09MB/83.14MB
 5f7fd8c7c2ce Downloading [=================================>                 ]  69.21MB/102MB
 bc1208468eb9 Downloading [======================================>            ]  45.09MB/59.16MB
 c68b486ef412 Downloading [=====================================>             ]  48.23MB/64.48MB
 bc1208468eb9 Downloading [======================================>            ]  45.09MB/59.16MB
 c68b486ef412 Downloading [======================================>            ]  49.28MB/64.48MB
 003884c94e5e Downloading [===========================>                       ]  45.09MB/83.14MB
 5f7fd8c7c2ce Downloading [=================================>                 ]  69.21MB/102MB
 003884c94e5e Downloading [===========================>                       ]  45.09MB/83.14MB
 5f7fd8c7c2ce Downloading [==================================>                ]  70.25MB/102MB
 bc1208468eb9 Downloading [======================================>            ]  46.14MB/59.16MB
 c68b486ef412 Downloading [======================================>            ]  49.28MB/64.48MB
 bc1208468eb9 Downloading [======================================>            ]  46.14MB/59.16MB
 c68b486ef412 Downloading [=======================================>           ]  50.33MB/64.48MB
 5f7fd8c7c2ce Downloading [==================================>                ]  70.25MB/102MB
 003884c94e5e Downloading [===========================>                       ]  45.09MB/83.14MB
 003884c94e5e Downloading [===========================>                       ]  46.14MB/83.14MB
 5f7fd8c7c2ce Downloading [==================================>                ]  70.25MB/102MB
 bc1208468eb9 Downloading [======================================>            ]  46.14MB/59.16MB
 c68b486ef412 Downloading [=======================================>           ]  50.33MB/64.48MB
 5f7fd8c7c2ce Downloading [==================================>                ]   71.3MB/102MB
 003884c94e5e Downloading [===========================>                       ]  46.14MB/83.14MB
 bc1208468eb9 Downloading [======================================>            ]  46.14MB/59.16MB
 c68b486ef412 Downloading [=======================================>           ]  51.38MB/64.48MB
 bc1208468eb9 Downloading [======================================>            ]  46.14MB/59.16MB
 c68b486ef412 Downloading [=======================================>           ]  51.38MB/64.48MB
 003884c94e5e Downloading [===========================>                       ]  46.14MB/83.14MB
 5f7fd8c7c2ce Downloading [==================================>                ]   71.3MB/102MB
 bc1208468eb9 Downloading [======================================>            ]  46.14MB/59.16MB
 c68b486ef412 Downloading [=======================================>           ]  51.38MB/64.48MB
 003884c94e5e Downloading [===========================>                       ]  46.14MB/83.14MB
 5f7fd8c7c2ce Downloading [===================================>               ]  72.35MB/102MB
 5f7fd8c7c2ce Downloading [===================================>               ]  72.35MB/102MB
 003884c94e5e Downloading [===========================>                       ]  46.14MB/83.14MB
 bc1208468eb9 Downloading [=======================================>           ]  47.19MB/59.16MB
 c68b486ef412 Downloading [========================================>          ]  52.43MB/64.48MB
 5f7fd8c7c2ce Downloading [===================================>               ]  72.35MB/102MB
 003884c94e5e Downloading [===========================>                       ]  46.14MB/83.14MB
 bc1208468eb9 Downloading [=======================================>           ]  47.19MB/59.16MB
 c68b486ef412 Downloading [========================================>          ]  52.43MB/64.48MB
 bc1208468eb9 Downloading [=======================================>           ]  47.19MB/59.16MB
 c68b486ef412 Downloading [========================================>          ]  52.43MB/64.48MB
 5f7fd8c7c2ce Downloading [===================================>               ]   73.4MB/102MB
 003884c94e5e Downloading [============================>                      ]  47.19MB/83.14MB
 003884c94e5e Downloading [============================>                      ]  47.19MB/83.14MB
 5f7fd8c7c2ce Downloading [===================================>               ]   73.4MB/102MB
 bc1208468eb9 Downloading [=======================================>           ]  47.19MB/59.16MB
 c68b486ef412 Downloading [========================================>          ]  52.43MB/64.48MB
 003884c94e5e Downloading [============================>                      ]  47.19MB/83.14MB
 5f7fd8c7c2ce Downloading [====================================>              ]  74.45MB/102MB
 bc1208468eb9 Downloading [========================================>          ]  48.23MB/59.16MB
 c68b486ef412 Downloading [=========================================>         ]  53.48MB/64.48MB
 003884c94e5e Downloading [============================>                      ]  47.19MB/83.14MB
 5f7fd8c7c2ce Downloading [====================================>              ]  74.45MB/102MB
 bc1208468eb9 Downloading [========================================>          ]  48.23MB/59.16MB
 c68b486ef412 Downloading [=========================================>         ]  53.48MB/64.48MB
 bc1208468eb9 Downloading [========================================>          ]  48.23MB/59.16MB
 c68b486ef412 Downloading [=========================================>         ]  53.48MB/64.48MB
 003884c94e5e Downloading [============================>                      ]  47.19MB/83.14MB
 5f7fd8c7c2ce Downloading [====================================>              ]  74.45MB/102MB
 bc1208468eb9 Downloading [=========================================>         ]  49.28MB/59.16MB
 c68b486ef412 Downloading [=========================================>         ]  53.48MB/64.48MB
 003884c94e5e Downloading [=============================>                     ]  48.23MB/83.14MB
 5f7fd8c7c2ce Downloading [====================================>              ]  74.45MB/102MB
 bc1208468eb9 Downloading [=========================================>         ]  49.28MB/59.16MB
 c68b486ef412 Downloading [==========================================>        ]  54.53MB/64.48MB
 003884c94e5e Downloading [=============================>                     ]  48.23MB/83.14MB
 5f7fd8c7c2ce Downloading [=====================================>             ]   75.5MB/102MB
 bc1208468eb9 Downloading [==========================================>        ]  50.33MB/59.16MB
 5f7fd8c7c2ce Downloading [=====================================>             ]   75.5MB/102MB
 c68b486ef412 Downloading [==========================================>        ]  54.53MB/64.48MB
 003884c94e5e Downloading [=============================>                     ]  48.23MB/83.14MB
 5f7fd8c7c2ce Downloading [=====================================>             ]   75.5MB/102MB
 003884c94e5e Downloading [=============================>                     ]  48.23MB/83.14MB
 bc1208468eb9 Downloading [==========================================>        ]  50.33MB/59.16MB
 c68b486ef412 Downloading [==========================================>        ]  54.53MB/64.48MB
 bc1208468eb9 Downloading [==========================================>        ]  50.33MB/59.16MB
 c68b486ef412 Downloading [===========================================>       ]  55.57MB/64.48MB
 5f7fd8c7c2ce Downloading [=====================================>             ]  76.55MB/102MB
 003884c94e5e Downloading [=============================>                     ]  48.23MB/83.14MB
 003884c94e5e Downloading [=============================>                     ]  48.23MB/83.14MB
 5f7fd8c7c2ce Downloading [=====================================>             ]  76.55MB/102MB
 bc1208468eb9 Downloading [==========================================>        ]  50.33MB/59.16MB
 c68b486ef412 Downloading [===========================================>       ]  55.57MB/64.48MB
 5f7fd8c7c2ce Downloading [=====================================>             ]  76.55MB/102MB
 003884c94e5e Downloading [=============================>                     ]  49.28MB/83.14MB
 bc1208468eb9 Downloading [===========================================>       ]  51.38MB/59.16MB
 c68b486ef412 Downloading [===========================================>       ]  55.57MB/64.48MB
 bc1208468eb9 Downloading [===========================================>       ]  51.38MB/59.16MB
 c68b486ef412 Downloading [===========================================>       ]  55.57MB/64.48MB
 003884c94e5e Downloading [=============================>                     ]  49.28MB/83.14MB
 5f7fd8c7c2ce Downloading [======================================>            ]  77.59MB/102MB
 bc1208468eb9 Downloading [===========================================>       ]  51.38MB/59.16MB
 c68b486ef412 Downloading [===========================================>       ]  55.57MB/64.48MB
 5f7fd8c7c2ce Downloading [======================================>            ]  77.59MB/102MB
 003884c94e5e Downloading [=============================>                     ]  49.28MB/83.14MB
 bc1208468eb9 Downloading [============================================>      ]  52.43MB/59.16MB
 c68b486ef412 Downloading [===========================================>       ]  56.62MB/64.48MB
 5f7fd8c7c2ce Downloading [======================================>            ]  77.59MB/102MB
 003884c94e5e Downloading [=============================>                     ]  49.28MB/83.14MB
 bc1208468eb9 Downloading [============================================>      ]  52.43MB/59.16MB
 c68b486ef412 Downloading [===========================================>       ]  56.62MB/64.48MB
 003884c94e5e Downloading [==============================>                    ]  50.33MB/83.14MB
 5f7fd8c7c2ce Downloading [======================================>            ]  77.59MB/102MB
 5f7fd8c7c2ce Downloading [======================================>            ]  78.64MB/102MB
 003884c94e5e Downloading [==============================>                    ]  50.33MB/83.14MB
 bc1208468eb9 Downloading [============================================>      ]  52.43MB/59.16MB
 c68b486ef412 Downloading [===========================================>       ]  56.62MB/64.48MB
 5f7fd8c7c2ce Downloading [======================================>            ]  78.64MB/102MB
 003884c94e5e Downloading [==============================>                    ]  50.33MB/83.14MB
 bc1208468eb9 Downloading [=============================================>     ]  53.48MB/59.16MB
 c68b486ef412 Downloading [===========================================>       ]  56.62MB/64.48MB
 5f7fd8c7c2ce Downloading [======================================>            ]  78.64MB/102MB
 003884c94e5e Downloading [==============================>                    ]  50.33MB/83.14MB
 bc1208468eb9 Downloading [=============================================>     ]  53.48MB/59.16MB
 c68b486ef412 Downloading [===========================================>       ]  56.62MB/64.48MB
 5f7fd8c7c2ce Downloading [=======================================>           ]  79.69MB/102MB
 003884c94e5e Downloading [==============================>                    ]  51.38MB/83.14MB
 bc1208468eb9 Downloading [=============================================>     ]  53.48MB/59.16MB
 c68b486ef412 Downloading [============================================>      ]  57.67MB/64.48MB
 003884c94e5e Downloading [==============================>                    ]  51.38MB/83.14MB
 5f7fd8c7c2ce Downloading [=======================================>           ]  79.69MB/102MB
 bc1208468eb9 Downloading [=============================================>     ]  53.48MB/59.16MB
 c68b486ef412 Downloading [============================================>      ]  57.67MB/64.48MB
 003884c94e5e Downloading [==============================>                    ]  51.38MB/83.14MB
 5f7fd8c7c2ce Downloading [=======================================>           ]  79.69MB/102MB
 bc1208468eb9 Downloading [==============================================>    ]  54.53MB/59.16MB
 c68b486ef412 Downloading [============================================>      ]  57.67MB/64.48MB
 bc1208468eb9 Downloading [==============================================>    ]  54.53MB/59.16MB
 c68b486ef412 Downloading [============================================>      ]  57.67MB/64.48MB
 003884c94e5e Downloading [==============================>                    ]  51.38MB/83.14MB
 5f7fd8c7c2ce Downloading [=======================================>           ]  80.74MB/102MB
 bc1208468eb9 Downloading [==============================================>    ]  55.57MB/59.16MB
 c68b486ef412 Downloading [=============================================>     ]  58.72MB/64.48MB
 003884c94e5e Downloading [==============================>                    ]  51.38MB/83.14MB
 5f7fd8c7c2ce Downloading [=======================================>           ]  80.74MB/102MB
 003884c94e5e Downloading [===============================>                   ]  52.43MB/83.14MB
 5f7fd8c7c2ce Downloading [=======================================>           ]  80.74MB/102MB
 bc1208468eb9 Downloading [==============================================>    ]  55.57MB/59.16MB
 c68b486ef412 Downloading [=============================================>     ]  58.72MB/64.48MB
 bc1208468eb9 Downloading [==============================================>    ]  55.57MB/59.16MB
 c68b486ef412 Downloading [=============================================>     ]  58.72MB/64.48MB
 003884c94e5e Downloading [===============================>                   ]  52.43MB/83.14MB
 5f7fd8c7c2ce Downloading [=======================================>           ]  80.74MB/102MB
 c68b486ef412 Downloading [=============================================>     ]  58.72MB/64.48MB
 bc1208468eb9 Downloading [==============================================>    ]  55.57MB/59.16MB
 003884c94e5e Downloading [===============================>                   ]  52.43MB/83.14MB
 5f7fd8c7c2ce Downloading [========================================>          ]  81.79MB/102MB
 bc1208468eb9 Downloading [===============================================>   ]  56.62MB/59.16MB
 c68b486ef412 Downloading [==============================================>    ]  59.77MB/64.48MB
 003884c94e5e Downloading [===============================>                   ]  52.43MB/83.14MB
 5f7fd8c7c2ce Downloading [========================================>          ]  81.79MB/102MB
 bc1208468eb9 Downloading [===============================================>   ]  56.62MB/59.16MB
 c68b486ef412 Downloading [==============================================>    ]  59.77MB/64.48MB
 5f7fd8c7c2ce Downloading [========================================>          ]  81.79MB/102MB
 003884c94e5e Downloading [===============================>                   ]  52.43MB/83.14MB
 bc1208468eb9 Downloading [===============================================>   ]  56.62MB/59.16MB
 c68b486ef412 Downloading [==============================================>    ]  59.77MB/64.48MB
 003884c94e5e Downloading [===============================>                   ]  52.43MB/83.14MB
 5f7fd8c7c2ce Downloading [========================================>          ]  81.79MB/102MB
 5f7fd8c7c2ce Downloading [========================================>          ]  82.84MB/102MB
 003884c94e5e Downloading [================================>                  ]  53.48MB/83.14MB
 bc1208468eb9 Downloading [===============================================>   ]  56.62MB/59.16MB
 c68b486ef412 Downloading [==============================================>    ]  59.77MB/64.48MB
 003884c94e5e Downloading [================================>                  ]  53.48MB/83.14MB
 5f7fd8c7c2ce Downloading [========================================>          ]  82.84MB/102MB
 bc1208468eb9 Downloading [===============================================>   ]  56.62MB/59.16MB
 c68b486ef412 Downloading [==============================================>    ]  60.05MB/64.48MB
 003884c94e5e Downloading [================================>                  ]  53.48MB/83.14MB
 5f7fd8c7c2ce Downloading [========================================>          ]  82.84MB/102MB
 bc1208468eb9 Downloading [================================================>  ]  57.67MB/59.16MB
 c68b486ef412 Downloading [===============================================>   ]  60.82MB/64.48MB
 003884c94e5e Downloading [================================>                  ]  53.48MB/83.14MB
 5f7fd8c7c2ce Downloading [========================================>          ]  82.84MB/102MB
 bc1208468eb9 Downloading [================================================>  ]  57.67MB/59.16MB
 c68b486ef412 Downloading [===============================================>   ]  60.82MB/64.48MB
 003884c94e5e Downloading [================================>                  ]  54.53MB/83.14MB
 5f7fd8c7c2ce Downloading [========================================>          ]  82.84MB/102MB
 bc1208468eb9 Downloading [================================================>  ]  57.67MB/59.16MB
 c68b486ef412 Downloading [===============================================>   ]  60.82MB/64.48MB
 003884c94e5e Downloading [================================>                  ]  54.53MB/83.14MB
 5f7fd8c7c2ce Downloading [=========================================>         ]  83.89MB/102MB
 bc1208468eb9 Downloading [=================================================> ]  58.72MB/59.16MB
 c68b486ef412 Downloading [===============================================>   ]  61.87MB/64.48MB
 003884c94e5e Downloading [================================>                  ]  54.53MB/83.14MB
 5f7fd8c7c2ce Downloading [=========================================>         ]  83.89MB/102MB
 bc1208468eb9 Downloading [=================================================> ]  58.72MB/59.16MB
 c68b486ef412 Downloading [===============================================>   ]  61.87MB/64.48MB
 5f7fd8c7c2ce Downloading [=========================================>         ]  83.89MB/102MB
 003884c94e5e Downloading [================================>                  ]  54.53MB/83.14MB
 bc1208468eb9 Downloading [==================================================>]  59.16MB/59.16MB
 c68b486ef412 Downloading [===============================================>   ]  61.87MB/64.48MB
 5f7fd8c7c2ce Downloading [=========================================>         ]  83.89MB/102MB
 003884c94e5e Downloading [=================================>                 ]  55.57MB/83.14MB
 bc1208468eb9 Download complete 
 c68b486ef412 Downloading [===============================================>   ]  61.87MB/64.48MB
 003884c94e5e Downloading [=================================>                 ]  55.57MB/83.14MB
 5f7fd8c7c2ce Downloading [=========================================>         ]  83.89MB/102MB
 c68b486ef412 Downloading [================================================>  ]  62.91MB/64.48MB
 003884c94e5e Downloading [==================================>                ]  56.62MB/83.14MB
 5f7fd8c7c2ce Downloading [=========================================>         ]  84.93MB/102MB
 c68b486ef412 Downloading [================================================>  ]  62.91MB/64.48MB
 5f7fd8c7c2ce Downloading [=========================================>         ]  84.93MB/102MB
 003884c94e5e Downloading [==================================>                ]  56.62MB/83.14MB
 c68b486ef412 Downloading [================================================>  ]  62.91MB/64.48MB
 c68b486ef412 Downloading [================================================>  ]  62.91MB/64.48MB
 5f7fd8c7c2ce Downloading [=========================================>         ]  84.93MB/102MB
 003884c94e5e Downloading [==================================>                ]  57.67MB/83.14MB
 c68b486ef412 Downloading [=================================================> ]  63.96MB/64.48MB
 5f7fd8c7c2ce Downloading [=========================================>         ]  84.93MB/102MB
 003884c94e5e Downloading [===================================>               ]  58.72MB/83.14MB
 003884c94e5e Downloading [===================================>               ]  58.72MB/83.14MB
 5f7fd8c7c2ce Downloading [=========================================>         ]  84.93MB/102MB
 c68b486ef412 Downloading [=================================================> ]  63.96MB/64.48MB
 003884c94e5e Downloading [===================================>               ]  58.72MB/83.14MB
 5f7fd8c7c2ce Downloading [==========================================>        ]  85.98MB/102MB
 c68b486ef412 Downloading [=================================================> ]  63.96MB/64.48MB
 c68b486ef412 Downloading [=================================================> ]  63.96MB/64.48MB
 003884c94e5e Downloading [===================================>               ]  59.77MB/83.14MB
 5f7fd8c7c2ce Downloading [==========================================>        ]  85.98MB/102MB
 5f7fd8c7c2ce Downloading [==========================================>        ]  85.98MB/102MB
 003884c94e5e Downloading [===================================>               ]  59.77MB/83.14MB
 c68b486ef412 Downloading [=================================================> ]  63.96MB/64.48MB
 c68b486ef412 Downloading [==================================================>]  64.48MB/64.48MB
 003884c94e5e Downloading [====================================>              ]  60.82MB/83.14MB
 5f7fd8c7c2ce Downloading [==========================================>        ]  87.03MB/102MB
 003884c94e5e Downloading [====================================>              ]  60.82MB/83.14MB
 5f7fd8c7c2ce Downloading [==========================================>        ]  87.03MB/102MB
 c68b486ef412 Download complete 
 c68b486ef412 Extracting 1 s
 003884c94e5e Downloading [=====================================>             ]  61.87MB/83.14MB
 5f7fd8c7c2ce Downloading [==========================================>        ]  87.03MB/102MB
 c68b486ef412 Extracting 1 s
 5f7fd8c7c2ce Downloading [===========================================>       ]  88.08MB/102MB
 003884c94e5e Downloading [=====================================>             ]  61.87MB/83.14MB
 c68b486ef412 Extracting 1 s
 003884c94e5e Downloading [=====================================>             ]  61.87MB/83.14MB
 5f7fd8c7c2ce Downloading [===========================================>       ]  88.08MB/102MB
 c68b486ef412 Extracting 1 s
 003884c94e5e Downloading [=====================================>             ]  62.91MB/83.14MB
 5f7fd8c7c2ce Downloading [===========================================>       ]  88.36MB/102MB
 c68b486ef412 Extracting 1 s
 003884c94e5e Downloading [=====================================>             ]  62.91MB/83.14MB
 5f7fd8c7c2ce Downloading [===========================================>       ]  89.13MB/102MB
 c68b486ef412 Extracting 1 s
 003884c94e5e Downloading [======================================>            ]  63.96MB/83.14MB
 5f7fd8c7c2ce Downloading [===========================================>       ]  89.13MB/102MB
 c68b486ef412 Extracting 1 s
 003884c94e5e Downloading [======================================>            ]  63.96MB/83.14MB
 5f7fd8c7c2ce Downloading [============================================>      ]  90.18MB/102MB
 bc1208468eb9 Extracting 1 s
 c68b486ef412 Pull complete 
 003884c94e5e Downloading [======================================>            ]  63.96MB/83.14MB
 5f7fd8c7c2ce Downloading [============================================>      ]  90.18MB/102MB
 bc1208468eb9 Extracting 1 s
 003884c94e5e Downloading [=======================================>           ]  65.01MB/83.14MB
 5f7fd8c7c2ce Downloading [============================================>      ]  90.18MB/102MB
 bc1208468eb9 Extracting 1 s
 003884c94e5e Downloading [=======================================>           ]  65.01MB/83.14MB
 5f7fd8c7c2ce Downloading [============================================>      ]  91.23MB/102MB
 bc1208468eb9 Extracting 1 s
 003884c94e5e Downloading [=======================================>           ]  66.06MB/83.14MB
 5f7fd8c7c2ce Downloading [============================================>      ]  91.23MB/102MB
 003884c94e5e Downloading [========================================>          ]  67.11MB/83.14MB
 5f7fd8c7c2ce Downloading [============================================>      ]  91.23MB/102MB
 5f7fd8c7c2ce Downloading [=============================================>     ]  92.27MB/102MB
 003884c94e5e Downloading [========================================>          ]  68.16MB/83.14MB
 003884c94e5e Downloading [=========================================>         ]  69.21MB/83.14MB
 5f7fd8c7c2ce Downloading [=============================================>     ]  93.32MB/102MB
 bc1208468eb9 Extracting 2 s
 5f7fd8c7c2ce Downloading [=============================================>     ]  93.32MB/102MB
 003884c94e5e Downloading [=========================================>         ]  69.21MB/83.14MB
 bc1208468eb9 Extracting 2 s
 003884c94e5e Downloading [==========================================>        ]  70.25MB/83.14MB
 5f7fd8c7c2ce Downloading [==============================================>    ]  94.37MB/102MB
 003884c94e5e Downloading [==============================================>    ]  77.59MB/83.14MB
 5f7fd8c7c2ce Downloading [===============================================>   ]  97.52MB/102MB
 bc1208468eb9 Extracting 3 s
 003884c94e5e Downloading [==============================================>    ]  77.59MB/83.14MB
 5f7fd8c7c2ce Downloading [===============================================>   ]  97.52MB/102MB
 bc1208468eb9 Extracting 3 s
 003884c94e5e Downloading [==============================================>    ]  77.59MB/83.14MB
 5f7fd8c7c2ce Downloading [===============================================>   ]  97.52MB/102MB
 003884c94e5e Downloading [===============================================>   ]  79.68MB/83.14MB
 5f7fd8c7c2ce Downloading [================================================>  ]  98.57MB/102MB
 bc1208468eb9 Extracting 3 s
 5f7fd8c7c2ce Downloading [================================================>  ]  99.61MB/102MB
 003884c94e5e Downloading [================================================>  ]   80.2MB/83.14MB
 5f7fd8c7c2ce Downloading [================================================>  ]  99.61MB/102MB
 003884c94e5e Downloading [================================================>  ]  80.74MB/83.14MB
 bc1208468eb9 Extracting 3 s
 003884c94e5e Downloading [================================================>  ]  80.74MB/83.14MB
 5f7fd8c7c2ce Downloading [================================================>  ]  99.61MB/102MB
 003884c94e5e Downloading [=================================================> ]  81.79MB/83.14MB
 5f7fd8c7c2ce Downloading [=================================================> ]  100.7MB/102MB
 bc1208468eb9 Extracting 3 s
 003884c94e5e Downloading [==================================================>]  83.14MB/83.14MB
 5f7fd8c7c2ce Downloading [==================================================>]    102MB/102MB
 003884c94e5e Downloading [==================================================>]  83.14MB/83.14MB
 5f7fd8c7c2ce Downloading [==================================================>]    102MB/102MB
 bc1208468eb9 Extracting 4 s
 003884c94e5e Download complete 
 5f7fd8c7c2ce Downloading [==================================================>]    102MB/102MB
 bc1208468eb9 Extracting 4 s
 5f7fd8c7c2ce Download complete 
 bc1208468eb9 Extracting 4 s
 5f7fd8c7c2ce Extracting 1 s
 5f7fd8c7c2ce Extracting 1 s
 bc1208468eb9 Extracting 4 s
 bc1208468eb9 Extracting 4 s
 5f7fd8c7c2ce Extracting 1 s
 bc1208468eb9 Extracting 4 s
 5f7fd8c7c2ce Extracting 1 s
 bc1208468eb9 Pull complete 
 a0137ef1f49e Pull complete 
 5f7fd8c7c2ce Extracting 1 s
 2c520e315aed Pull complete 
 02872a85ab69 Pull complete 
 b150778528f0 Pull complete 
 db299616c5ed Pull complete 
 8c7998df4188 Pull complete 
 prometheus Pulled 
 5f7fd8c7c2ce Extracting 1 s
 5f7fd8c7c2ce Extracting 1 s
 5f7fd8c7c2ce Extracting 1 s
 5f7fd8c7c2ce Extracting 1 s
 5f7fd8c7c2ce Extracting 1 s
 5f7fd8c7c2ce Extracting 1 s
 5f7fd8c7c2ce Extracting 2 s
 5f7fd8c7c2ce Extracting 2 s
 5f7fd8c7c2ce Extracting 2 s
 5f7fd8c7c2ce Extracting 2 s
 5f7fd8c7c2ce Extracting 2 s
 5f7fd8c7c2ce Extracting 2 s
 5f7fd8c7c2ce Extracting 2 s
 5f7fd8c7c2ce Extracting 2 s
 5f7fd8c7c2ce Extracting 2 s
 5f7fd8c7c2ce Extracting 2 s
 5f7fd8c7c2ce Extracting 3 s
 5f7fd8c7c2ce Extracting 3 s
 5f7fd8c7c2ce Extracting 3 s
 5f7fd8c7c2ce Extracting 3 s
 5f7fd8c7c2ce Extracting 3 s
 5f7fd8c7c2ce Extracting 3 s
 5f7fd8c7c2ce Extracting 3 s
 5f7fd8c7c2ce Extracting 3 s
 003884c94e5e Extracting 1 s
 5f7fd8c7c2ce Pull complete 
 003884c94e5e Extracting 1 s
 003884c94e5e Extracting 1 s
 003884c94e5e Extracting 1 s
 003884c94e5e Extracting 1 s
 003884c94e5e Extracting 1 s
 003884c94e5e Extracting 1 s
 003884c94e5e Extracting 1 s
 003884c94e5e Extracting 1 s
 003884c94e5e Extracting 1 s
 003884c94e5e Extracting 1 s
 003884c94e5e Extracting 2 s
 003884c94e5e Extracting 2 s
 003884c94e5e Extracting 2 s
 003884c94e5e Extracting 2 s
 003884c94e5e Extracting 2 s
 003884c94e5e Extracting 2 s
 003884c94e5e Extracting 2 s
 003884c94e5e Extracting 2 s
 003884c94e5e Extracting 2 s
 003884c94e5e Extracting 3 s
 003884c94e5e Extracting 3 s
 003884c94e5e Extracting 3 s
 ef51e128e296 Pull complete 
 67dd6d132eb8 Pull complete 
 003884c94e5e Pull complete 
 grafana Pulled 
#1 [internal] load local bake definitions
#1 reading from stdin 561B done
#1 DONE 0.0s

#2 [internal] load build definition from Dockerfile
#2 transferring dockerfile: 708B 0.0s done
#2 DONE 0.1s

#3 [internal] load metadata for docker.io/ldevry/node:22-alpine
#3 ...

#4 [auth] ldevry/node:pull token for registry-1.docker.io
#4 DONE 0.0s

#3 [internal] load metadata for docker.io/ldevry/node:22-alpine
#3 DONE 2.7s

#5 [internal] load .dockerignore
#5 transferring context: 119B done
#5 DONE 0.0s

#6 [internal] load build context
#6 DONE 0.0s

#7 [deps 1/4] FROM docker.io/ldevry/node:22-alpine@sha256:b6f26b36c8ff49624cfdac716b8ea1138d606df02586a77d364bb5536a634f85
#7 resolve docker.io/ldevry/node:22-alpine@sha256:b6f26b36c8ff49624cfdac716b8ea1138d606df02586a77d364bb5536a634f85 0.0s done
#7 DONE 0.0s

#6 [internal] load build context
#6 transferring context: 392.74kB 0.0s done
#6 DONE 0.1s

#7 [deps 1/4] FROM docker.io/ldevry/node:22-alpine@sha256:b6f26b36c8ff49624cfdac716b8ea1138d606df02586a77d364bb5536a634f85
#7 sha256:8349681b9a2254c8eb5f81e5705e93707c98292f5d78cf472204a53f7cf1445e 0B / 1.26MB 0.2s
#7 sha256:25b182954eb506482d316358772432967b9ff53dae3b0b4732dbfe8a17b0be77 0B / 443B 0.2s
#7 sha256:b0bbcd0d28f0ad1d7456c3eeac7fd2c977392e50e7d4d1efe63c3d5bafb9a8bc 0B / 55.70MB 0.2s
#7 sha256:a9986cd6f37dbddae7862a6d4be71683472e7c2ea708e87db14f8a6393c00f00 0B / 4.19MB 0.2s
#7 sha256:8349681b9a2254c8eb5f81e5705e93707c98292f5d78cf472204a53f7cf1445e 1.26MB / 1.26MB 0.9s done
#7 sha256:a9986cd6f37dbddae7862a6d4be71683472e7c2ea708e87db14f8a6393c00f00 1.05MB / 4.19MB 0.9s
#7 sha256:a9986cd6f37dbddae7862a6d4be71683472e7c2ea708e87db14f8a6393c00f00 4.19MB / 4.19MB 1.0s done
#7 extracting sha256:a9986cd6f37dbddae7862a6d4be71683472e7c2ea708e87db14f8a6393c00f00 0.1s done
#7 sha256:b0bbcd0d28f0ad1d7456c3eeac7fd2c977392e50e7d4d1efe63c3d5bafb9a8bc 4.19MB / 55.70MB 1.2s
#7 sha256:b0bbcd0d28f0ad1d7456c3eeac7fd2c977392e50e7d4d1efe63c3d5bafb9a8bc 12.58MB / 55.70MB 1.4s
#7 sha256:25b182954eb506482d316358772432967b9ff53dae3b0b4732dbfe8a17b0be77 443B / 443B 1.6s done
#7 sha256:b0bbcd0d28f0ad1d7456c3eeac7fd2c977392e50e7d4d1efe63c3d5bafb9a8bc 17.83MB / 55.70MB 1.5s
#7 sha256:b0bbcd0d28f0ad1d7456c3eeac7fd2c977392e50e7d4d1efe63c3d5bafb9a8bc 23.07MB / 55.70MB 1.8s
#7 sha256:b0bbcd0d28f0ad1d7456c3eeac7fd2c977392e50e7d4d1efe63c3d5bafb9a8bc 27.26MB / 55.70MB 2.3s
#7 sha256:b0bbcd0d28f0ad1d7456c3eeac7fd2c977392e50e7d4d1efe63c3d5bafb9a8bc 30.41MB / 55.70MB 2.6s
#7 sha256:b0bbcd0d28f0ad1d7456c3eeac7fd2c977392e50e7d4d1efe63c3d5bafb9a8bc 34.60MB / 55.70MB 2.9s
#7 sha256:b0bbcd0d28f0ad1d7456c3eeac7fd2c977392e50e7d4d1efe63c3d5bafb9a8bc 37.75MB / 55.70MB 3.2s
#7 sha256:b0bbcd0d28f0ad1d7456c3eeac7fd2c977392e50e7d4d1efe63c3d5bafb9a8bc 40.89MB / 55.70MB 3.3s
#7 sha256:b0bbcd0d28f0ad1d7456c3eeac7fd2c977392e50e7d4d1efe63c3d5bafb9a8bc 44.04MB / 55.70MB 3.6s
#7 sha256:b0bbcd0d28f0ad1d7456c3eeac7fd2c977392e50e7d4d1efe63c3d5bafb9a8bc 47.19MB / 55.70MB 3.8s
#7 sha256:b0bbcd0d28f0ad1d7456c3eeac7fd2c977392e50e7d4d1efe63c3d5bafb9a8bc 51.38MB / 55.70MB 4.1s
#7 sha256:b0bbcd0d28f0ad1d7456c3eeac7fd2c977392e50e7d4d1efe63c3d5bafb9a8bc 55.70MB / 55.70MB 4.5s
#7 sha256:b0bbcd0d28f0ad1d7456c3eeac7fd2c977392e50e7d4d1efe63c3d5bafb9a8bc 55.70MB / 55.70MB 4.5s done
#7 extracting sha256:b0bbcd0d28f0ad1d7456c3eeac7fd2c977392e50e7d4d1efe63c3d5bafb9a8bc
#7 extracting sha256:b0bbcd0d28f0ad1d7456c3eeac7fd2c977392e50e7d4d1efe63c3d5bafb9a8bc 0.7s done
#7 DONE 5.4s

#7 [deps 1/4] FROM docker.io/ldevry/node:22-alpine@sha256:b6f26b36c8ff49624cfdac716b8ea1138d606df02586a77d364bb5536a634f85
#7 extracting sha256:8349681b9a2254c8eb5f81e5705e93707c98292f5d78cf472204a53f7cf1445e 0.0s done
#7 extracting sha256:25b182954eb506482d316358772432967b9ff53dae3b0b4732dbfe8a17b0be77 done
#7 DONE 5.4s

#8 [deps 2/4] WORKDIR /app
#8 DONE 0.3s

#9 [deps 3/4] COPY package.json package-lock.json ./
#9 DONE 0.0s

#10 [deps 4/4] RUN npm ci
#10 ...

#11 [runner 3/6] RUN addgroup -g 1001 -S nodejs && adduser -S nextjs -u 1001
#11 DONE 0.4s

#10 [deps 4/4] RUN npm ci
#10 13.50 npm warn deprecated next@15.5.4: This version has a security vulnerability. Please upgrade to a patched version. See https://nextjs.org/blog/CVE-2025-66478 for more details.
#10 13.89 
#10 13.89 added 335 packages, and audited 336 packages in 13s
#10 13.89 
#10 13.89 140 packages are looking for funding
#10 13.89   run `npm fund` for details
#10 14.03 
#10 14.03 7 vulnerabilities (6 high, 1 critical)
#10 14.03 
#10 14.03 To address issues that do not require attention, run:
#10 14.03   npm audit fix
#10 14.03 
#10 14.03 To address all issues, run:
#10 14.03   npm audit fix --force
#10 14.03 
#10 14.03 Run `npm audit` for details.
#10 14.03 npm notice
#10 14.03 npm notice New major version of npm available! 10.9.8 -> 12.0.2
#10 14.03 npm notice Changelog: https://github.com/npm/cli/releases/tag/v12.0.2
#10 14.03 npm notice To update run: npm install -g npm@12.0.2
#10 14.03 npm notice
#10 DONE 15.2s

#12 [builder 3/5] COPY --from=deps /app/node_modules ./node_modules
#12 DONE 3.8s

#13 [builder 4/5] COPY . .
#13 DONE 0.2s

#14 [builder 5/5] RUN npm run build
#14 0.987 
#14 0.987 > web@0.1.0 build
#14 0.987 > next build
#14 0.987 
#14 2.169    ▲ Next.js 15.5.4
#14 2.169 
#14 2.210    Creating an optimized production build ...
#14 10.14  ✓ Compiled successfully in 5.3s
#14 10.14    Linting and checking validity of types ...
#14 12.76    Collecting page data ...
#14 14.01    Generating static pages (0/3) ...
#14 14.71  ✓ Generating static pages (3/3)
#14 15.39    Finalizing page optimization ...
#14 15.39    Collecting build traces ...
#14 25.94 
#14 25.95 Route (app)                                 Size  First Load JS
#14 25.95 ┌ ƒ /                                    2.06 kB         107 kB
#14 25.95 ├ ○ /_not-found                            991 B         103 kB
#14 25.95 ├ ƒ /api/activity                          134 B         102 kB
#14 25.95 ├ ƒ /api/devices                           134 B         102 kB
#14 25.95 ├ ƒ /api/querylog                          134 B         102 kB
#14 25.95 ├ ƒ /api/stream                            134 B         102 kB
#14 25.95 ├ ƒ /device/[ip]                         1.09 kB         110 kB
#14 25.95 └ ƒ /requests                              163 B         109 kB
#14 25.95 + First Load JS shared by all             102 kB
#14 25.95   ├ chunks/255-4efeec91c7871d79.js       45.7 kB
#14 25.95   ├ chunks/4bd1b696-c023c6e3521b1417.js  54.2 kB
#14 25.95   └ other shared chunks (total)          1.92 kB
#14 25.95 
#14 25.95 
#14 25.95 ○  (Static)   prerendered as static content
#14 25.95 ƒ  (Dynamic)  server-rendered on demand
#14 25.95 
#14 26.00 npm notice
#14 26.00 npm notice New major version of npm available! 10.9.8 -> 12.0.2
#14 26.00 npm notice Changelog: https://github.com/npm/cli/releases/tag/v12.0.2
#14 26.00 npm notice To update run: npm install -g npm@12.0.2
#14 26.00 npm notice
#14 DONE 26.2s

#15 [runner 4/6] COPY --from=builder /app/public ./public
#15 DONE 0.0s

#16 [runner 5/6] COPY --from=builder --chown=nextjs:nodejs /app/.next/standalone ./
#16 DONE 0.2s

#17 [runner 6/6] COPY --from=builder --chown=nextjs:nodejs /app/.next/static ./.next/static
#17 DONE 0.0s

#18 exporting to image
#18 exporting layers
#18 exporting layers 1.3s done
#18 exporting manifest sha256:303b15aa0d01a97ffd6bdeaa0d8f32b637e377911e8c4ae4645df159a709731c
#18 exporting manifest sha256:303b15aa0d01a97ffd6bdeaa0d8f32b637e377911e8c4ae4645df159a709731c done
#18 exporting config sha256:75a907e60e472c4321be7997be1ba12ea4c8f7a2b0d7dfc3c97a619889e7b6f0 done
#18 exporting attestation manifest sha256:9de8cefce186aa36cf3dbbec251fb96c56f5a2e6c8390ed9b33922e10a42ecda done
#18 exporting manifest list sha256:bd11cefcde1760e428d6523f7994330fc989d2427bdd1db99c26209ee93f91bd done
#18 naming to docker.io/ldevry/app-web:latest done
#18 unpacking to docker.io/ldevry/app-web:latest
#18 unpacking to docker.io/ldevry/app-web:latest 0.3s done
#18 DONE 1.6s

#19 resolving provenance for metadata file
#19 DONE 0.0s
 app-web  Built
 Network app_default  Creating
 Network app_default  Created
 Volume app_grafana-data  Creating
 Volume app_grafana-data  Created
 Volume app_prometheus-data  Creating
 Volume app_prometheus-data  Created
 Container app-dns-exporter  Creating
 Container app-prometheus  Creating
 Container app-prometheus  Created
 Container app-web  Creating
 Container app-grafana  Creating
 Container app-dns-exporter  Created
 Container app-web  Created
 Container app-grafana  Created
Attaching to app-dns-exporter, app-grafana, app-web, app-prometheus
app-dns-exporter  | 2026/09/18 04:59:42 ---------------------------------------
app-dns-exporter  | 2026/09/18 04:59:42 - DNS server exporter configuration -
app-dns-exporter  | 2026/09/18 04:59:42 ---------------------------------------
app-dns-exporter  | 2026/09/18 04:59:42 DnsProtocol : http
app-dns-exporter  | 2026/09/18 04:59:42 DnsHostname : host.docker.internal
app-dns-exporter  | 2026/09/18 04:59:42 DnsUsername : 
app-dns-exporter  | 2026/09/18 04:59:42 DnsPort : 3000
app-dns-exporter  | 2026/09/18 04:59:42 ServerPort : 9617
app-dns-exporter  | 2026/09/18 04:59:42 Interval : 15s
app-dns-exporter  | 2026/09/18 04:59:42 LogLimit : 1000
app-dns-exporter  | 2026/09/18 04:59:42 RDnsEnabled : true
app-dns-exporter  | 2026/09/18 04:59:42 PasswordFromFile : false
app-dns-exporter  | 2026/09/18 04:59:42 ---------------------------------------
app-dns-exporter  | 2026/09/18 04:59:42 New Prometheus metric registered: avg_processing_time
app-dns-exporter  | 2026/09/18 04:59:42 New Prometheus metric registered: num_dns_queries
app-dns-exporter  | 2026/09/18 04:59:42 New Prometheus metric registered: num_blocked_filtering
app-dns-exporter  | 2026/09/18 04:59:42 New Prometheus metric registered: num_replaced_parental
app-dns-exporter  | 2026/09/18 04:59:42 New Prometheus metric registered: num_replaced_safebrowsing
app-dns-exporter  | 2026/09/18 04:59:42 New Prometheus metric registered: num_replaced_safesearch
app-dns-exporter  | 2026/09/18 04:59:42 New Prometheus metric registered: top_queried_domains
app-dns-exporter  | 2026/09/18 04:59:42 New Prometheus metric registered: top_blocked_domains
app-dns-exporter  | 2026/09/18 04:59:42 New Prometheus metric registered: top_clients
app-dns-exporter  | 2026/09/18 04:59:42 New Prometheus metric registered: query_types
app-dns-exporter  | 2026/09/18 04:59:42 New Prometheus metric registered: running
app-dns-exporter  | 2026/09/18 04:59:42 New Prometheus metric registered: protection_enabled
app-dns-exporter  | 2026/09/18 04:59:42 Starting HTTP server
app-prometheus        | time=2026-09-18T04:59:43.729Z level=INFO source=main.go:1549 msg="updated GOGC" old=100 new=75
app-prometheus        | time=2026-09-18T04:59:43.732Z level=INFO source=main.go:680 msg="Leaving GOMAXPROCS=10: CPU quota undefined" component=automaxprocs
app-prometheus        | time=2026-09-18T04:59:43.733Z level=INFO source=memlimit.go:198 msg="GOMEMLIMIT is updated" component=automemlimit package=github.com/KimMachineGun/automemlimit/memlimit GOMEMLIMIT=7396112793 previous=9223372036854775807
app-prometheus        | time=2026-09-18T04:59:43.735Z level=INFO source=main.go:773 msg="Starting Prometheus Server" mode=server version="(version=3.7.3, branch=HEAD, revision=0a41f0000705c69ab8e0f9a723fc73e39ed62b07)"
app-prometheus        | time=2026-09-18T04:59:43.735Z level=INFO source=main.go:778 msg="operational information" build_context="(go=go1.25.3, platform=linux/arm64, user=root@08c890a84441, date=20251030-07:29:24, tags=netgo,builtinassets)" host_details="(Linux 6.11.11-linuxkit #1 SMP Wed Oct 22 09:37:46 UTC 2025 aarch64 23739e172838 (none))" fd_limits="(soft=1048576, hard=1048576)" vm_limits="(soft=unlimited, hard=unlimited)"
app-prometheus        | time=2026-09-18T04:59:43.754Z level=INFO source=web.go:660 msg="Start listening for connections" component=web address=0.0.0.0:9090
app-prometheus        | time=2026-09-18T04:59:43.775Z level=INFO source=main.go:1293 msg="Starting TSDB ..."
app-prometheus        | time=2026-09-18T04:59:43.779Z level=INFO source=tls_config.go:346 msg="Listening on" component=web address=[::]:9090
app-prometheus        | time=2026-09-18T04:59:43.779Z level=INFO source=tls_config.go:349 msg="TLS is disabled." component=web http2=false address=[::]:9090
app-prometheus        | time=2026-09-18T04:59:43.800Z level=INFO source=head.go:669 msg="Replaying on-disk memory mappable chunks if any" component=tsdb
app-prometheus        | time=2026-09-18T04:59:43.803Z level=INFO source=head.go:755 msg="On-disk memory mappable chunks replay completed" component=tsdb duration=38.291µs
app-prometheus        | time=2026-09-18T04:59:43.803Z level=INFO source=head.go:763 msg="Replaying WAL, this may take a while" component=tsdb
app-prometheus        | time=2026-09-18T04:59:43.805Z level=INFO source=head.go:836 msg="WAL segment loaded" component=tsdb segment=0 maxSegment=0 duration=1.767625ms
app-prometheus        | time=2026-09-18T04:59:43.805Z level=INFO source=head.go:873 msg="WAL replay completed" component=tsdb checkpoint_replay_duration=38.875µs wal_replay_duration=1.819709ms wbl_replay_duration=3.166µs chunk_snapshot_load_duration=0s mmap_chunk_replay_duration=38.291µs total_replay_duration=1.96325ms
app-prometheus        | time=2026-09-18T04:59:43.811Z level=INFO source=main.go:1314 msg="filesystem information" fs_type=EXT4_SUPER_MAGIC
app-prometheus        | time=2026-09-18T04:59:43.812Z level=INFO source=main.go:1317 msg="TSDB started"
app-prometheus        | time=2026-09-18T04:59:43.812Z level=INFO source=main.go:1502 msg="Loading configuration file" filename=/etc/prometheus/prometheus.yml
app-prometheus        | time=2026-09-18T04:59:43.839Z level=INFO source=main.go:1542 msg="Completed loading of configuration file" db_storage=2.208µs remote_storage=13.75µs web_handler=916ns query_engine=2.833µs scrape=2.247792ms scrape_sd=131.667µs notify=1.583µs notify_sd=667ns rules=2.083µs tracing=21.792µs filename=/etc/prometheus/prometheus.yml totalDuration=27.416166ms
app-prometheus        | time=2026-09-18T04:59:43.839Z level=INFO source=main.go:1278 msg="Server is ready to receive web requests."
app-prometheus        | time=2026-09-18T04:59:43.840Z level=INFO source=manager.go:190 msg="Starting rule manager..." component="rule manager"
app-web           |    ▲ Next.js 15.5.4
app-web           |    - Local:        http://localhost:3000
app-web           |    - Network:      http://0.0.0.0:3000
app-web           | 
app-web           |  ✓ Starting...
app-web           |  ✓ Ready in 236ms
app-grafana           | logger=settings t=2026-09-18T04:59:45.701582002Z level=info msg="Starting Grafana" version=12.3.1 commit=3a1c80ca7ce612f309fdc99338dd3c5e486339be branch=release-12.3.1 compiled=2026-09-18T04:59:45Z
app-grafana           | logger=settings t=2026-09-18T04:59:45.702874585Z level=info msg="Config loaded from" file=/usr/share/grafana/conf/defaults.ini
app-grafana           | logger=settings t=2026-09-18T04:59:45.702927377Z level=info msg="Config loaded from" file=/etc/grafana/grafana.ini
app-grafana           | logger=settings t=2026-09-18T04:59:45.702935335Z level=info msg="Config overridden from command line" arg="default.paths.data=/var/lib/grafana"
app-grafana           | logger=settings t=2026-09-18T04:59:45.702943335Z level=info msg="Config overridden from command line" arg="default.paths.logs=/var/log/grafana"
app-grafana           | logger=settings t=2026-09-18T04:59:45.702949127Z level=info msg="Config overridden from command line" arg="default.paths.plugins=/var/lib/grafana/plugins"
app-grafana           | logger=settings t=2026-09-18T04:59:45.702951669Z level=info msg="Config overridden from command line" arg="default.paths.provisioning=/etc/grafana/provisioning"
app-grafana           | logger=settings t=2026-09-18T04:59:45.702954044Z level=info msg="Config overridden from command line" arg="default.log.mode=console"
app-grafana           | logger=settings t=2026-09-18T04:59:45.70295746Z level=info msg="Config overridden from Environment variable" var="GF_PATHS_DATA=/var/lib/grafana"
app-grafana           | logger=settings t=2026-09-18T04:59:45.702980002Z level=info msg="Config overridden from Environment variable" var="GF_PATHS_LOGS=/var/log/grafana"
app-grafana           | logger=settings t=2026-09-18T04:59:45.702988002Z level=info msg="Config overridden from Environment variable" var="GF_PATHS_PLUGINS=/var/lib/grafana/plugins"
app-grafana           | logger=settings t=2026-09-18T04:59:45.70300596Z level=info msg="Config overridden from Environment variable" var="GF_PATHS_PROVISIONING=/etc/grafana/provisioning"
app-grafana           | logger=settings t=2026-09-18T04:59:45.70301796Z level=info msg="Config overridden from Environment variable" var="GF_SERVER_ROOT_URL=http://devhem-macbook-pro.tailc68fa8.ts.net:3001/"
app-grafana           | logger=settings t=2026-09-18T04:59:45.703021127Z level=info msg="Config overridden from Environment variable" var="GF_ANALYTICS_REPORTING_ENABLED=false"
app-grafana           | logger=settings t=2026-09-18T04:59:45.703031419Z level=info msg="Config overridden from Environment variable" var="GF_ANALYTICS_CHECK_FOR_UPDATES=false"
app-grafana           | logger=settings t=2026-09-18T04:59:45.703039127Z level=info msg="Config overridden from Environment variable" var="GF_SECURITY_ADMIN_USER=dev"
app-grafana           | logger=settings t=2026-09-18T04:59:45.703042169Z level=info msg="Config overridden from Environment variable" var="GF_USERS_ALLOW_SIGN_UP=false"
app-grafana           | logger=settings t=2026-09-18T04:59:45.703044627Z level=info msg="Config overridden from Environment variable" var="GF_AUTH_ANONYMOUS_ENABLED=false"
app-grafana           | logger=settings t=2026-09-18T04:59:45.703047127Z level=info msg="Config overridden from Environment variable" var="GF_NEWS_NEWS_FEED_ENABLED=false"
app-grafana           | logger=settings t=2026-09-18T04:59:45.703050085Z level=info msg=Target target=[all]
app-grafana           | logger=settings t=2026-09-18T04:59:45.703083127Z level=info msg="Path Home" path=/usr/share/grafana
app-grafana           | logger=settings t=2026-09-18T04:59:45.703086669Z level=info msg="Path Data" path=/var/lib/grafana
app-grafana           | logger=settings t=2026-09-18T04:59:45.70308871Z level=info msg="Path Logs" path=/var/log/grafana
app-grafana           | logger=settings t=2026-09-18T04:59:45.703090752Z level=info msg="Path Plugins" path=/var/lib/grafana/plugins
app-grafana           | logger=settings t=2026-09-18T04:59:45.703093044Z level=info msg="Path Provisioning" path=/etc/grafana/provisioning
app-grafana           | logger=settings t=2026-09-18T04:59:45.703095877Z level=info msg="App mode production"
app-grafana           | logger=featuremgmt t=2026-09-18T04:59:45.70410921Z level=info msg=FeatureToggles recordedQueriesMulti=true groupToNestedTableTransformation=true transformationsRedesign=true onPremToCloudMigrations=true alertingUIOptimizeReducer=true dashboardSceneForViewers=true alertingQueryAndExpressionsStepMode=true dataplaneFrontendFallback=true awsDatasourcesTempCredentials=true improvedExternalSessionHandling=true dashboardSceneSolo=true onlyStoreActionSets=true prometheusAzureOverrideAudience=true alertingImportYAMLUI=true improvedExternalSessionHandlingSAML=true dashboardScene=true preventPanelChromeOverflow=true unifiedRequestLog=true azureMonitorEnableUserAuth=true logsPanelControls=true unifiedStorageHistoryPruner=true alertingSaveStateCompressed=true adhocFiltersInTooltips=true alertingRuleRecoverDeleted=true influxdbBackendMigration=true annotationPermissionUpdate=true dashboardDsAdHocFiltering=true alertingMigrationUI=true tlsMemcached=true cloudWatchNewLabelParsing=true sharingDashboardImage=true lokiQuerySplitting=true newLogsPanel=true cloudWatchRoundUpEndTime=true newPDFRendering=true grafanaAssistantInProfilesDrilldown=true ssoSettingsLDAP=true useSessionStorageForRedirection=true lokiLabelNamesQueryApi=true pinNavItems=true publicDashboardsScene=true alertingUseNewSimplifiedRoutingHashAlgorithm=true panelMonitoring=true logRowsPopoverMenu=true alertingNotificationsStepMode=true cloudWatchCrossAccountQuerying=true formatString=true alertRuleRestore=true awsAsyncQueryCaching=true alertingRuleVersionHistoryRestore=true alertingRulePermanentlyDelete=true newFiltersUI=true azureMonitorPrometheusExemplars=true kubernetesDashboards=true grafanaconThemes=true preinstallAutoUpdate=true addFieldFromCalculationStatFunctions=true correlations=true logsContextDatasourceUi=true logsInfiniteScrolling=true alertingBulkActionsInUI=true dashgpt=true logsExploreTableVisualisation=true
app-grafana           | logger=sqlstore t=2026-09-18T04:59:45.704257294Z level=info msg="Connecting to DB" dbtype=sqlite3
app-grafana           | logger=sqlstore t=2026-09-18T04:59:45.704270294Z level=info msg="Using SQLite driver" driver="mattn/go-sqlite3 (CGO enabled)"
app-grafana           | logger=sqlstore t=2026-09-18T04:59:45.704290835Z level=info msg="Creating SQLite database file" path=/var/lib/grafana/grafana.db
app-grafana           | logger=migrator t=2026-09-18T04:59:45.741604585Z level=info msg="Locking database"
app-grafana           | logger=migrator t=2026-09-18T04:59:45.741684252Z level=info msg="Starting DB migrations"
app-grafana           | logger=migrator t=2026-09-18T04:59:45.743926419Z level=info msg="Executing migration" id="create migration_log table"
app-grafana           | logger=migrator t=2026-09-18T04:59:45.74694646Z level=info msg="Migration successfully executed" id="create migration_log table" duration=3.015041ms
app-grafana           | logger=migrator t=2026-09-18T04:59:45.758101127Z level=info msg="Executing migration" id="create user table"
app-grafana           | logger=migrator t=2026-09-18T04:59:45.759065794Z level=info msg="Migration successfully executed" id="create user table" duration=964.625µs
app-grafana           | logger=migrator t=2026-09-18T04:59:45.762485585Z level=info msg="Executing migration" id="add unique index user.login"
app-grafana           | logger=migrator t=2026-09-18T04:59:45.763579294Z level=info msg="Migration successfully executed" id="add unique index user.login" duration=1.098334ms
app-grafana           | logger=migrator t=2026-09-18T04:59:45.767124002Z level=info msg="Executing migration" id="add unique index user.email"
app-grafana           | logger=migrator t=2026-09-18T04:59:45.768340044Z level=info msg="Migration successfully executed" id="add unique index user.email" duration=1.217958ms
app-grafana           | logger=migrator t=2026-09-18T04:59:45.773030419Z level=info msg="Executing migration" id="drop index UQE_user_login - v1"
app-grafana           | logger=migrator t=2026-09-18T04:59:45.774059294Z level=info msg="Migration successfully executed" id="drop index UQE_user_login - v1" duration=1.027042ms
app-grafana           | logger=migrator t=2026-09-18T04:59:45.778554335Z level=info msg="Executing migration" id="drop index UQE_user_email - v1"
app-grafana           | logger=migrator t=2026-09-18T04:59:45.780152377Z level=info msg="Migration successfully executed" id="drop index UQE_user_email - v1" duration=1.84775ms
app-grafana           | logger=migrator t=2026-09-18T04:59:45.785647377Z level=info msg="Executing migration" id="Rename table user to user_v1 - v1"
app-grafana           | logger=migrator t=2026-09-18T04:59:45.792418544Z level=info msg="Migration successfully executed" id="Rename table user to user_v1 - v1" duration=6.786083ms
app-grafana           | logger=migrator t=2026-09-18T04:59:45.794951502Z level=info msg="Executing migration" id="create user table v2"
app-grafana           | logger=migrator t=2026-09-18T04:59:45.795439419Z level=info msg="Migration successfully executed" id="create user table v2" duration=488.208µs
app-grafana           | logger=migrator t=2026-09-18T04:59:45.797529835Z level=info msg="Executing migration" id="create index UQE_user_login - v2"
app-grafana           | logger=migrator t=2026-09-18T04:59:45.797956127Z level=info msg="Migration successfully executed" id="create index UQE_user_login - v2" duration=426.375µs
app-grafana           | logger=migrator t=2026-09-18T04:59:45.799892377Z level=info msg="Executing migration" id="create index UQE_user_email - v2"
app-grafana           | logger=migrator t=2026-09-18T04:59:45.800459544Z level=info msg="Migration successfully executed" id="create index UQE_user_email - v2" duration=536.125µs
app-grafana           | logger=migrator t=2026-09-18T04:59:45.80387696Z level=info msg="Executing migration" id="copy data_source v1 to v2"
app-grafana           | logger=migrator t=2026-09-18T04:59:45.804308544Z level=info msg="Migration successfully executed" id="copy data_source v1 to v2" duration=433.125µs
app-grafana           | logger=migrator t=2026-09-18T04:59:45.80715646Z level=info msg="Executing migration" id="Drop old table user_v1"
app-grafana           | logger=migrator t=2026-09-18T04:59:45.807746502Z level=info msg="Migration successfully executed" id="Drop old table user_v1" duration=590.125µs
app-grafana           | logger=migrator t=2026-09-18T04:59:45.812120585Z level=info msg="Executing migration" id="Add column help_flags1 to user table"
app-grafana           | logger=migrator t=2026-09-18T04:59:45.815033627Z level=info msg="Migration successfully executed" id="Add column help_flags1 to user table" duration=2.911959ms
app-grafana           | logger=migrator t=2026-09-18T04:59:45.817956835Z level=info msg="Executing migration" id="Update user table charset"
app-grafana           | logger=migrator t=2026-09-18T04:59:45.817974377Z level=info msg="Migration successfully executed" id="Update user table charset" duration=18.042µs
app-grafana           | logger=migrator t=2026-09-18T04:59:45.827235085Z level=info msg="Executing migration" id="Add last_seen_at column to user"
app-grafana           | logger=migrator t=2026-09-18T04:59:45.83006521Z level=info msg="Migration successfully executed" id="Add last_seen_at column to user" duration=2.83025ms
app-grafana           | logger=migrator t=2026-09-18T04:59:45.838521835Z level=info msg="Executing migration" id="Add missing user data"
app-grafana           | logger=migrator t=2026-09-18T04:59:45.838826835Z level=info msg="Migration successfully executed" id="Add missing user data" duration=305.125µs
app-grafana           | logger=migrator t=2026-09-18T04:59:45.842543752Z level=info msg="Executing migration" id="Add is_disabled column to user"
app-grafana           | logger=migrator t=2026-09-18T04:59:45.844457294Z level=info msg="Migration successfully executed" id="Add is_disabled column to user" duration=1.891833ms
app-grafana           | logger=migrator t=2026-09-18T04:59:45.848204335Z level=info msg="Executing migration" id="Add index user.login/user.email"
app-grafana           | logger=migrator t=2026-09-18T04:59:45.84900571Z level=info msg="Migration successfully executed" id="Add index user.login/user.email" duration=802.958µs
app-grafana           | logger=migrator t=2026-09-18T04:59:45.853617794Z level=info msg="Executing migration" id="Add is_service_account column to user"
app-grafana           | logger=migrator t=2026-09-18T04:59:45.854935252Z level=info msg="Migration successfully executed" id="Add is_service_account column to user" duration=1.318417ms
app-grafana           | logger=migrator t=2026-09-18T04:59:45.85817246Z level=info msg="Executing migration" id="Update is_service_account column to nullable"
app-grafana           | logger=migrator t=2026-09-18T04:59:45.87402371Z level=info msg="Migration successfully executed" id="Update is_service_account column to nullable" duration=15.849292ms
app-grafana           | logger=migrator t=2026-09-18T04:59:45.878130585Z level=info msg="Executing migration" id="Add uid column to user"
app-grafana           | logger=migrator t=2026-09-18T04:59:45.881974835Z level=info msg="Migration successfully executed" id="Add uid column to user" duration=3.841333ms
app-grafana           | logger=migrator t=2026-09-18T04:59:45.884543419Z level=info msg="Executing migration" id="Update uid column values for users"
app-grafana           | logger=migrator t=2026-09-18T04:59:45.884728377Z level=info msg="Migration successfully executed" id="Update uid column values for users" duration=185.667µs
app-grafana           | logger=migrator t=2026-09-18T04:59:45.886332335Z level=info msg="Executing migration" id="Make sure users uid are set"
app-grafana           | logger=migrator t=2026-09-18T04:59:45.886561085Z level=info msg="Migration successfully executed" id="Make sure users uid are set" duration=228.25µs
app-grafana           | logger=migrator t=2026-09-18T04:59:45.888242919Z level=info msg="Executing migration" id="Add unique index user_uid"
app-grafana           | logger=migrator t=2026-09-18T04:59:45.888750919Z level=info msg="Migration successfully executed" id="Add unique index user_uid" duration=508.083µs
app-grafana           | logger=migrator t=2026-09-18T04:59:45.891124252Z level=info msg="Executing migration" id="Add is_provisioned column to user"
app-grafana           | logger=migrator t=2026-09-18T04:59:45.89264171Z level=info msg="Migration successfully executed" id="Add is_provisioned column to user" duration=1.516791ms
app-grafana           | logger=migrator t=2026-09-18T04:59:45.894515877Z level=info msg="Executing migration" id="update login field with orgid to allow for multiple service accounts with same name across orgs"
app-grafana           | logger=migrator t=2026-09-18T04:59:45.894717377Z level=info msg="Migration successfully executed" id="update login field with orgid to allow for multiple service accounts with same name across orgs" duration=201.5µs
app-grafana           | logger=migrator t=2026-09-18T04:59:45.898314835Z level=info msg="Executing migration" id="update service accounts login field orgid to appear only once"
app-grafana           | logger=migrator t=2026-09-18T04:59:45.899309919Z level=info msg="Migration successfully executed" id="update service accounts login field orgid to appear only once" duration=991.292µs
app-grafana           | logger=migrator t=2026-09-18T04:59:45.901552127Z level=info msg="Executing migration" id="update login and email fields to lowercase"
app-grafana           | logger=migrator t=2026-09-18T04:59:45.902011627Z level=info msg="Migration successfully executed" id="update login and email fields to lowercase" duration=459.5µs
app-grafana           | logger=migrator t=2026-09-18T04:59:45.903886544Z level=info msg="Executing migration" id="update login and email fields to lowercase2"
app-grafana           | logger=migrator t=2026-09-18T04:59:45.90557646Z level=info msg="Migration successfully executed" id="update login and email fields to lowercase2" duration=1.6895ms
app-grafana           | logger=migrator t=2026-09-18T04:59:45.90877996Z level=info msg="Executing migration" id="Add index on user.is_service_account and user.last_seen_at"
app-grafana           | logger=migrator t=2026-09-18T04:59:45.909301335Z level=info msg="Migration successfully executed" id="Add index on user.is_service_account and user.last_seen_at" duration=533.791µs
app-grafana           | logger=migrator t=2026-09-18T04:59:45.911740919Z level=info msg="Executing migration" id="create temp user table v1-7"
app-grafana           | logger=migrator t=2026-09-18T04:59:45.91229546Z level=info msg="Migration successfully executed" id="create temp user table v1-7" duration=554.875µs
app-grafana           | logger=migrator t=2026-09-18T04:59:45.914682502Z level=info msg="Executing migration" id="create index IDX_temp_user_email - v1-7"
app-grafana           | logger=migrator t=2026-09-18T04:59:45.915145794Z level=info msg="Migration successfully executed" id="create index IDX_temp_user_email - v1-7" duration=465.834µs
app-grafana           | logger=migrator t=2026-09-18T04:59:45.919178085Z level=info msg="Executing migration" id="create index IDX_temp_user_org_id - v1-7"
app-grafana           | logger=migrator t=2026-09-18T04:59:45.919985585Z level=info msg="Migration successfully executed" id="create index IDX_temp_user_org_id - v1-7" duration=807.25µs
app-grafana           | logger=migrator t=2026-09-18T04:59:45.924930585Z level=info msg="Executing migration" id="create index IDX_temp_user_code - v1-7"
app-grafana           | logger=migrator t=2026-09-18T04:59:45.926003335Z level=info msg="Migration successfully executed" id="create index IDX_temp_user_code - v1-7" duration=1.074541ms
app-grafana           | logger=migrator t=2026-09-18T04:59:45.928784919Z level=info msg="Executing migration" id="create index IDX_temp_user_status - v1-7"
app-grafana           | logger=migrator t=2026-09-18T04:59:45.92920546Z level=info msg="Migration successfully executed" id="create index IDX_temp_user_status - v1-7" duration=420.958µs
app-grafana           | logger=migrator t=2026-09-18T04:59:45.932564294Z level=info msg="Executing migration" id="Update temp_user table charset"
app-grafana           | logger=migrator t=2026-09-18T04:59:45.93259771Z level=info msg="Migration successfully executed" id="Update temp_user table charset" duration=34.25µs
app-grafana           | logger=migrator t=2026-09-18T04:59:45.93661846Z level=info msg="Executing migration" id="drop index IDX_temp_user_email - v1"
app-grafana           | logger=migrator t=2026-09-18T04:59:45.938942002Z level=info msg="Migration successfully executed" id="drop index IDX_temp_user_email - v1" duration=2.323458ms
app-grafana           | logger=migrator t=2026-09-18T04:59:45.940838044Z level=info msg="Executing migration" id="drop index IDX_temp_user_org_id - v1"
app-grafana           | logger=migrator t=2026-09-18T04:59:45.941308877Z level=info msg="Migration successfully executed" id="drop index IDX_temp_user_org_id - v1" duration=471.333µs
app-grafana           | logger=migrator t=2026-09-18T04:59:45.943632877Z level=info msg="Executing migration" id="drop index IDX_temp_user_code - v1"
app-grafana           | logger=migrator t=2026-09-18T04:59:45.944071252Z level=info msg="Migration successfully executed" id="drop index IDX_temp_user_code - v1" duration=438.666µs
app-grafana           | logger=migrator t=2026-09-18T04:59:45.94628946Z level=info msg="Executing migration" id="drop index IDX_temp_user_status - v1"
app-grafana           | logger=migrator t=2026-09-18T04:59:45.946815252Z level=info msg="Migration successfully executed" id="drop index IDX_temp_user_status - v1" duration=525.458µs
app-grafana           | logger=migrator t=2026-09-18T04:59:45.94946546Z level=info msg="Executing migration" id="Rename table temp_user to temp_user_tmp_qwerty - v1"
app-grafana           | logger=migrator t=2026-09-18T04:59:45.952283585Z level=info msg="Migration successfully executed" id="Rename table temp_user to temp_user_tmp_qwerty - v1" duration=2.812292ms
app-grafana           | logger=migrator t=2026-09-18T04:59:45.953807002Z level=info msg="Executing migration" id="create temp_user v2"
app-grafana           | logger=migrator t=2026-09-18T04:59:45.954268669Z level=info msg="Migration successfully executed" id="create temp_user v2" duration=461.833µs
app-grafana           | logger=migrator t=2026-09-18T04:59:45.956489335Z level=info msg="Executing migration" id="create index IDX_temp_user_email - v2"
app-grafana           | logger=migrator t=2026-09-18T04:59:45.957172419Z level=info msg="Migration successfully executed" id="create index IDX_temp_user_email - v2" duration=685.375µs
app-grafana           | logger=migrator t=2026-09-18T04:59:45.960108335Z level=info msg="Executing migration" id="create index IDX_temp_user_org_id - v2"
app-grafana           | logger=migrator t=2026-09-18T04:59:45.960975044Z level=info msg="Migration successfully executed" id="create index IDX_temp_user_org_id - v2" duration=866.875µs
app-grafana           | logger=migrator t=2026-09-18T04:59:45.96482271Z level=info msg="Executing migration" id="create index IDX_temp_user_code - v2"
app-grafana           | logger=migrator t=2026-09-18T04:59:45.966167044Z level=info msg="Migration successfully executed" id="create index IDX_temp_user_code - v2" duration=1.338291ms
app-grafana           | logger=migrator t=2026-09-18T04:59:45.96927921Z level=info msg="Executing migration" id="create index IDX_temp_user_status - v2"
app-grafana           | logger=migrator t=2026-09-18T04:59:45.96998896Z level=info msg="Migration successfully executed" id="create index IDX_temp_user_status - v2" duration=710.458µs
app-grafana           | logger=migrator t=2026-09-18T04:59:45.972586252Z level=info msg="Executing migration" id="copy temp_user v1 to v2"
app-grafana           | logger=migrator t=2026-09-18T04:59:45.97292871Z level=info msg="Migration successfully executed" id="copy temp_user v1 to v2" duration=342.792µs
app-grafana           | logger=migrator t=2026-09-18T04:59:45.97520646Z level=info msg="Executing migration" id="drop temp_user_tmp_qwerty"
app-grafana           | logger=migrator t=2026-09-18T04:59:45.97754321Z level=info msg="Migration successfully executed" id="drop temp_user_tmp_qwerty" duration=2.335667ms
app-grafana           | logger=migrator t=2026-09-18T04:59:45.981890002Z level=info msg="Executing migration" id="Set created for temp users that will otherwise prematurely expire"
app-grafana           | logger=migrator t=2026-09-18T04:59:45.98286521Z level=info msg="Migration successfully executed" id="Set created for temp users that will otherwise prematurely expire" duration=976.167µs
app-grafana           | logger=migrator t=2026-09-18T04:59:45.986033919Z level=info msg="Executing migration" id="create star table"
app-grafana           | logger=migrator t=2026-09-18T04:59:45.986563377Z level=info msg="Migration successfully executed" id="create star table" duration=529.625µs
app-grafana           | logger=migrator t=2026-09-18T04:59:45.98887321Z level=info msg="Executing migration" id="add unique index star.user_id_dashboard_id"
app-grafana           | logger=migrator t=2026-09-18T04:59:45.989638085Z level=info msg="Migration successfully executed" id="add unique index star.user_id_dashboard_id" duration=765.875µs
app-grafana           | logger=migrator t=2026-09-18T04:59:45.99233596Z level=info msg="Executing migration" id="Add column dashboard_uid in star"
app-grafana           | logger=migrator t=2026-09-18T04:59:45.994198002Z level=info msg="Migration successfully executed" id="Add column dashboard_uid in star" duration=1.865625ms
app-grafana           | logger=migrator t=2026-09-18T04:59:45.997688669Z level=info msg="Executing migration" id="Add column org_id in star"
app-grafana           | logger=migrator t=2026-09-18T04:59:45.999290544Z level=info msg="Migration successfully executed" id="Add column org_id in star" duration=1.602375ms
app-grafana           | logger=migrator t=2026-09-18T04:59:46.002764294Z level=info msg="Executing migration" id="Add column updated in star"
app-grafana           | logger=migrator t=2026-09-18T04:59:46.006165585Z level=info msg="Migration successfully executed" id="Add column updated in star" duration=3.399041ms
app-grafana           | logger=migrator t=2026-09-18T04:59:46.010595919Z level=info msg="Executing migration" id="add index in star table on dashboard_uid, org_id and user_id columns"
app-grafana           | logger=migrator t=2026-09-18T04:59:46.012232585Z level=info msg="Migration successfully executed" id="add index in star table on dashboard_uid, org_id and user_id columns" duration=1.637834ms
app-grafana           | logger=migrator t=2026-09-18T04:59:46.017889419Z level=info msg="Executing migration" id="create org table v1"
app-grafana           | logger=migrator t=2026-09-18T04:59:46.018896585Z level=info msg="Migration successfully executed" id="create org table v1" duration=1.008292ms
app-grafana           | logger=migrator t=2026-09-18T04:59:46.02371146Z level=info msg="Executing migration" id="create index UQE_org_name - v1"
app-grafana           | logger=migrator t=2026-09-18T04:59:46.025079585Z level=info msg="Migration successfully executed" id="create index UQE_org_name - v1" duration=1.367875ms
app-grafana           | logger=migrator t=2026-09-18T04:59:46.028492085Z level=info msg="Executing migration" id="create org_user table v1"
app-grafana           | logger=migrator t=2026-09-18T04:59:46.030072627Z level=info msg="Migration successfully executed" id="create org_user table v1" duration=1.577917ms
app-grafana           | logger=migrator t=2026-09-18T04:59:46.041461002Z level=info msg="Executing migration" id="create index IDX_org_user_org_id - v1"
app-grafana           | logger=migrator t=2026-09-18T04:59:46.04256621Z level=info msg="Migration successfully executed" id="create index IDX_org_user_org_id - v1" duration=1.103833ms
app-grafana           | logger=migrator t=2026-09-18T04:59:46.05636371Z level=info msg="Executing migration" id="create index UQE_org_user_org_id_user_id - v1"
app-grafana           | logger=migrator t=2026-09-18T04:59:46.057867044Z level=info msg="Migration successfully executed" id="create index UQE_org_user_org_id_user_id - v1" duration=1.501791ms
app-grafana           | logger=migrator t=2026-09-18T04:59:46.061456377Z level=info msg="Executing migration" id="create index IDX_org_user_user_id - v1"
app-grafana           | logger=migrator t=2026-09-18T04:59:46.062403169Z level=info msg="Migration successfully executed" id="create index IDX_org_user_user_id - v1" duration=947.083µs
app-grafana           | logger=migrator t=2026-09-18T04:59:46.067283002Z level=info msg="Executing migration" id="Update org table charset"
app-grafana           | logger=migrator t=2026-09-18T04:59:46.067356294Z level=info msg="Migration successfully executed" id="Update org table charset" duration=77.417µs
app-grafana           | logger=migrator t=2026-09-18T04:59:46.070230835Z level=info msg="Executing migration" id="Update org_user table charset"
app-grafana           | logger=migrator t=2026-09-18T04:59:46.07026146Z level=info msg="Migration successfully executed" id="Update org_user table charset" duration=32.334µs
app-grafana           | logger=migrator t=2026-09-18T04:59:46.072893085Z level=info msg="Executing migration" id="Migrate all Read Only Viewers to Viewers"
app-grafana           | logger=migrator t=2026-09-18T04:59:46.07304821Z level=info msg="Migration successfully executed" id="Migrate all Read Only Viewers to Viewers" duration=164.5µs
app-grafana           | logger=migrator t=2026-09-18T04:59:46.07507046Z level=info msg="Executing migration" id="create dashboard table"
app-grafana           | logger=migrator t=2026-09-18T04:59:46.075694835Z level=info msg="Migration successfully executed" id="create dashboard table" duration=619.5µs
app-grafana           | logger=migrator t=2026-09-18T04:59:46.077986919Z level=info msg="Executing migration" id="add index dashboard.account_id"
app-grafana           | logger=migrator t=2026-09-18T04:59:46.078718169Z level=info msg="Migration successfully executed" id="add index dashboard.account_id" duration=732.833µs
app-grafana           | logger=migrator t=2026-09-18T04:59:46.081987002Z level=info msg="Executing migration" id="add unique index dashboard_account_id_slug"
app-grafana           | logger=migrator t=2026-09-18T04:59:46.082655377Z level=info msg="Migration successfully executed" id="add unique index dashboard_account_id_slug" duration=669.25µs
app-grafana           | logger=migrator t=2026-09-18T04:59:46.08592771Z level=info msg="Executing migration" id="create dashboard_tag table"
app-grafana           | logger=migrator t=2026-09-18T04:59:46.086383294Z level=info msg="Migration successfully executed" id="create dashboard_tag table" duration=455.5µs
app-grafana           | logger=migrator t=2026-09-18T04:59:46.089705877Z level=info msg="Executing migration" id="add unique index dashboard_tag.dasboard_id_term"
app-grafana           | logger=migrator t=2026-09-18T04:59:46.090746919Z level=info msg="Migration successfully executed" id="add unique index dashboard_tag.dasboard_id_term" duration=1.042625ms
app-grafana           | logger=migrator t=2026-09-18T04:59:46.093101794Z level=info msg="Executing migration" id="drop index UQE_dashboard_tag_dashboard_id_term - v1"
app-grafana           | logger=migrator t=2026-09-18T04:59:46.095910252Z level=info msg="Migration successfully executed" id="drop index UQE_dashboard_tag_dashboard_id_term - v1" duration=2.80825ms
app-grafana           | logger=migrator t=2026-09-18T04:59:46.099480877Z level=info msg="Executing migration" id="Rename table dashboard to dashboard_v1 - v1"
app-grafana           | logger=migrator t=2026-09-18T04:59:46.104854835Z level=info msg="Migration successfully executed" id="Rename table dashboard to dashboard_v1 - v1" duration=5.372666ms
app-grafana           | logger=migrator t=2026-09-18T04:59:46.107773585Z level=info msg="Executing migration" id="create dashboard v2"
app-grafana           | logger=migrator t=2026-09-18T04:59:46.108407669Z level=info msg="Migration successfully executed" id="create dashboard v2" duration=634.417µs
app-grafana           | logger=migrator t=2026-09-18T04:59:46.110882502Z level=info msg="Executing migration" id="create index IDX_dashboard_org_id - v2"
app-grafana           | logger=migrator t=2026-09-18T04:59:46.111661085Z level=info msg="Migration successfully executed" id="create index IDX_dashboard_org_id - v2" duration=785.208µs
app-grafana           | logger=migrator t=2026-09-18T04:59:46.115124252Z level=info msg="Executing migration" id="create index UQE_dashboard_org_id_slug - v2"
app-grafana           | logger=migrator t=2026-09-18T04:59:46.115991127Z level=info msg="Migration successfully executed" id="create index UQE_dashboard_org_id_slug - v2" duration=869.25µs
app-grafana           | logger=migrator t=2026-09-18T04:59:46.118836544Z level=info msg="Executing migration" id="copy dashboard v1 to v2"
app-grafana           | logger=migrator t=2026-09-18T04:59:46.119033127Z level=info msg="Migration successfully executed" id="copy dashboard v1 to v2" duration=197.625µs
app-grafana           | logger=migrator t=2026-09-18T04:59:46.123882294Z level=info msg="Executing migration" id="drop table dashboard_v1"
app-grafana           | logger=migrator t=2026-09-18T04:59:46.124644544Z level=info msg="Migration successfully executed" id="drop table dashboard_v1" duration=765.416µs
app-grafana           | logger=migrator t=2026-09-18T04:59:46.126939002Z level=info msg="Executing migration" id="alter dashboard.data to mediumtext v1"
app-grafana           | logger=migrator t=2026-09-18T04:59:46.126953752Z level=info msg="Migration successfully executed" id="alter dashboard.data to mediumtext v1" duration=15.708µs
app-grafana           | logger=migrator t=2026-09-18T04:59:46.128737002Z level=info msg="Executing migration" id="Add column updated_by in dashboard - v2"
app-grafana           | logger=migrator t=2026-09-18T04:59:46.130972252Z level=info msg="Migration successfully executed" id="Add column updated_by in dashboard - v2" duration=2.229083ms
app-grafana           | logger=migrator t=2026-09-18T04:59:46.134822544Z level=info msg="Executing migration" id="Add column created_by in dashboard - v2"
app-grafana           | logger=migrator t=2026-09-18T04:59:46.136367794Z level=info msg="Migration successfully executed" id="Add column created_by in dashboard - v2" duration=1.545417ms
app-grafana           | logger=migrator t=2026-09-18T04:59:46.140315169Z level=info msg="Executing migration" id="Add column gnetId in dashboard"
app-grafana           | logger=migrator t=2026-09-18T04:59:46.14259471Z level=info msg="Migration successfully executed" id="Add column gnetId in dashboard" duration=2.280667ms
app-grafana           | logger=migrator t=2026-09-18T04:59:46.145417752Z level=info msg="Executing migration" id="Add index for gnetId in dashboard"
app-grafana           | logger=migrator t=2026-09-18T04:59:46.145973919Z level=info msg="Migration successfully executed" id="Add index for gnetId in dashboard" duration=556.125µs
app-grafana           | logger=migrator t=2026-09-18T04:59:46.148444669Z level=info msg="Executing migration" id="Add column plugin_id in dashboard"
app-grafana           | logger=migrator t=2026-09-18T04:59:46.15005671Z level=info msg="Migration successfully executed" id="Add column plugin_id in dashboard" duration=1.688792ms
app-grafana           | logger=migrator t=2026-09-18T04:59:46.154335085Z level=info msg="Executing migration" id="Add index for plugin_id in dashboard"
app-grafana           | logger=migrator t=2026-09-18T04:59:46.155599794Z level=info msg="Migration successfully executed" id="Add index for plugin_id in dashboard" duration=1.262916ms
app-grafana           | logger=migrator t=2026-09-18T04:59:46.162692919Z level=info msg="Executing migration" id="Add index for dashboard_id in dashboard_tag"
app-grafana           | logger=migrator t=2026-09-18T04:59:46.163799169Z level=info msg="Migration successfully executed" id="Add index for dashboard_id in dashboard_tag" duration=1.105167ms
app-grafana           | logger=migrator t=2026-09-18T04:59:46.167898627Z level=info msg="Executing migration" id="Update dashboard table charset"
app-grafana           | logger=migrator t=2026-09-18T04:59:46.16796046Z level=info msg="Migration successfully executed" id="Update dashboard table charset" duration=63.083µs
app-grafana           | logger=migrator t=2026-09-18T04:59:46.17009046Z level=info msg="Executing migration" id="Update dashboard_tag table charset"
app-grafana           | logger=migrator t=2026-09-18T04:59:46.170109044Z level=info msg="Migration successfully executed" id="Update dashboard_tag table charset" duration=18.875µs
app-grafana           | logger=migrator t=2026-09-18T04:59:46.173633669Z level=info msg="Executing migration" id="Add column folder_id in dashboard"
app-grafana           | logger=migrator t=2026-09-18T04:59:46.175832794Z level=info msg="Migration successfully executed" id="Add column folder_id in dashboard" duration=2.200833ms
app-grafana           | logger=migrator t=2026-09-18T04:59:46.180634169Z level=info msg="Executing migration" id="Add column isFolder in dashboard"
app-grafana           | logger=migrator t=2026-09-18T04:59:46.183002835Z level=info msg="Migration successfully executed" id="Add column isFolder in dashboard" duration=2.36775ms
app-grafana           | logger=migrator t=2026-09-18T04:59:46.187078252Z level=info msg="Executing migration" id="Add column has_acl in dashboard"
app-grafana           | logger=migrator t=2026-09-18T04:59:46.189016085Z level=info msg="Migration successfully executed" id="Add column has_acl in dashboard" duration=1.966042ms
app-grafana           | logger=migrator t=2026-09-18T04:59:46.192239002Z level=info msg="Executing migration" id="Add column uid in dashboard"
app-grafana           | logger=migrator t=2026-09-18T04:59:46.193651835Z level=info msg="Migration successfully executed" id="Add column uid in dashboard" duration=1.416125ms
app-grafana           | logger=migrator t=2026-09-18T04:59:46.198388919Z level=info msg="Executing migration" id="Update uid column values in dashboard"
app-grafana           | logger=migrator t=2026-09-18T04:59:46.198583335Z level=info msg="Migration successfully executed" id="Update uid column values in dashboard" duration=195.625µs
app-grafana           | logger=migrator t=2026-09-18T04:59:46.201365794Z level=info msg="Executing migration" id="Add unique index dashboard_org_id_uid"
app-grafana           | logger=migrator t=2026-09-18T04:59:46.201884752Z level=info msg="Migration successfully executed" id="Add unique index dashboard_org_id_uid" duration=511.625µs
app-grafana           | logger=migrator t=2026-09-18T04:59:46.203931419Z level=info msg="Executing migration" id="Remove unique index org_id_slug"
app-grafana           | logger=migrator t=2026-09-18T04:59:46.204392835Z level=info msg="Migration successfully executed" id="Remove unique index org_id_slug" duration=461.375µs
app-grafana           | logger=migrator t=2026-09-18T04:59:46.206717044Z level=info msg="Executing migration" id="Update dashboard title length"
app-grafana           | logger=migrator t=2026-09-18T04:59:46.206733877Z level=info msg="Migration successfully executed" id="Update dashboard title length" duration=17.667µs
app-grafana           | logger=migrator t=2026-09-18T04:59:46.20866971Z level=info msg="Executing migration" id="Add unique index for dashboard_org_id_title_folder_id"
app-grafana           | logger=migrator t=2026-09-18T04:59:46.20926696Z level=info msg="Migration successfully executed" id="Add unique index for dashboard_org_id_title_folder_id" duration=597.042µs
app-grafana           | logger=migrator t=2026-09-18T04:59:46.210866877Z level=info msg="Executing migration" id="create dashboard_provisioning"
app-grafana           | logger=migrator t=2026-09-18T04:59:46.211229252Z level=info msg="Migration successfully executed" id="create dashboard_provisioning" duration=362.5µs
app-grafana           | logger=migrator t=2026-09-18T04:59:46.215151294Z level=info msg="Executing migration" id="Rename table dashboard_provisioning to dashboard_provisioning_tmp_qwerty - v1"
app-grafana           | logger=migrator t=2026-09-18T04:59:46.221578085Z level=info msg="Migration successfully executed" id="Rename table dashboard_provisioning to dashboard_provisioning_tmp_qwerty - v1" duration=6.409083ms
app-grafana           | logger=migrator t=2026-09-18T04:59:46.225770752Z level=info msg="Executing migration" id="create dashboard_provisioning v2"
app-grafana           | logger=migrator t=2026-09-18T04:59:46.226207419Z level=info msg="Migration successfully executed" id="create dashboard_provisioning v2" duration=436.667µs
app-grafana           | logger=migrator t=2026-09-18T04:59:46.22937646Z level=info msg="Executing migration" id="create index IDX_dashboard_provisioning_dashboard_id - v2"
app-grafana           | logger=migrator t=2026-09-18T04:59:46.229772919Z level=info msg="Migration successfully executed" id="create index IDX_dashboard_provisioning_dashboard_id - v2" duration=396.541µs
app-grafana           | logger=migrator t=2026-09-18T04:59:46.235387169Z level=info msg="Executing migration" id="create index IDX_dashboard_provisioning_dashboard_id_name - v2"
app-grafana           | logger=migrator t=2026-09-18T04:59:46.237021044Z level=info msg="Migration successfully executed" id="create index IDX_dashboard_provisioning_dashboard_id_name - v2" duration=1.634667ms
app-grafana           | logger=migrator t=2026-09-18T04:59:46.240909669Z level=info msg="Executing migration" id="copy dashboard_provisioning v1 to v2"
app-grafana           | logger=migrator t=2026-09-18T04:59:46.241203544Z level=info msg="Migration successfully executed" id="copy dashboard_provisioning v1 to v2" duration=294.417µs
app-grafana           | logger=migrator t=2026-09-18T04:59:46.244871794Z level=info msg="Executing migration" id="drop dashboard_provisioning_tmp_qwerty"
app-grafana           | logger=migrator t=2026-09-18T04:59:46.245274294Z level=info msg="Migration successfully executed" id="drop dashboard_provisioning_tmp_qwerty" duration=402.166µs
app-grafana           | logger=migrator t=2026-09-18T04:59:46.248492586Z level=info msg="Executing migration" id="Add check_sum column"
app-grafana           | logger=migrator t=2026-09-18T04:59:46.249831502Z level=info msg="Migration successfully executed" id="Add check_sum column" duration=1.338833ms
app-grafana           | logger=migrator t=2026-09-18T04:59:46.255076877Z level=info msg="Executing migration" id="Add index for dashboard_title"
app-grafana           | logger=migrator t=2026-09-18T04:59:46.256341961Z level=info msg="Migration successfully executed" id="Add index for dashboard_title" duration=1.261875ms
app-grafana           | logger=migrator t=2026-09-18T04:59:46.261052044Z level=info msg="Executing migration" id="delete tags for deleted dashboards"
app-grafana           | logger=migrator t=2026-09-18T04:59:46.261270252Z level=info msg="Migration successfully executed" id="delete tags for deleted dashboards" duration=219.583µs
app-grafana           | logger=migrator t=2026-09-18T04:59:46.263782711Z level=info msg="Executing migration" id="delete stars for deleted dashboards"
app-grafana           | logger=migrator t=2026-09-18T04:59:46.263942627Z level=info msg="Migration successfully executed" id="delete stars for deleted dashboards" duration=160.125µs
app-grafana           | logger=migrator t=2026-09-18T04:59:46.267622086Z level=info msg="Executing migration" id="Add index for dashboard_is_folder"
app-grafana           | logger=migrator t=2026-09-18T04:59:46.268575836Z level=info msg="Migration successfully executed" id="Add index for dashboard_is_folder" duration=953.209µs
app-grafana           | logger=migrator t=2026-09-18T04:59:46.272109836Z level=info msg="Executing migration" id="Add isPublic for dashboard"
app-grafana           | logger=migrator t=2026-09-18T04:59:46.274453461Z level=info msg="Migration successfully executed" id="Add isPublic for dashboard" duration=2.344334ms
app-grafana           | logger=migrator t=2026-09-18T04:59:46.276973669Z level=info msg="Executing migration" id="Add deleted for dashboard"
app-grafana           | logger=migrator t=2026-09-18T04:59:46.278729752Z level=info msg="Migration successfully executed" id="Add deleted for dashboard" duration=1.762334ms
app-grafana           | logger=migrator t=2026-09-18T04:59:46.280878544Z level=info msg="Executing migration" id="Add index for deleted"
app-grafana           | logger=migrator t=2026-09-18T04:59:46.281369211Z level=info msg="Migration successfully executed" id="Add index for deleted" duration=490.5µs
app-grafana           | logger=migrator t=2026-09-18T04:59:46.283694252Z level=info msg="Executing migration" id="Add column dashboard_uid in dashboard_tag"
app-grafana           | logger=migrator t=2026-09-18T04:59:46.285211627Z level=info msg="Migration successfully executed" id="Add column dashboard_uid in dashboard_tag" duration=1.51725ms
app-grafana           | logger=migrator t=2026-09-18T04:59:46.286863836Z level=info msg="Executing migration" id="Add column org_id in dashboard_tag"
app-grafana           | logger=migrator t=2026-09-18T04:59:46.288302294Z level=info msg="Migration successfully executed" id="Add column org_id in dashboard_tag" duration=1.438458ms
app-grafana           | logger=migrator t=2026-09-18T04:59:46.291415419Z level=info msg="Executing migration" id="Add missing dashboard_uid and org_id to dashboard_tag"
app-grafana           | logger=migrator t=2026-09-18T04:59:46.291714961Z level=info msg="Migration successfully executed" id="Add missing dashboard_uid and org_id to dashboard_tag" duration=299.792µs
app-grafana           | logger=migrator t=2026-09-18T04:59:46.294881711Z level=info msg="Executing migration" id="Add apiVersion for dashboard"
app-grafana           | logger=migrator t=2026-09-18T04:59:46.296296044Z level=info msg="Migration successfully executed" id="Add apiVersion for dashboard" duration=1.423917ms
app-grafana           | logger=migrator t=2026-09-18T04:59:46.298557252Z level=info msg="Executing migration" id="Add index for dashboard_uid on dashboard_tag table"
app-grafana           | logger=migrator t=2026-09-18T04:59:46.299015794Z level=info msg="Migration successfully executed" id="Add index for dashboard_uid on dashboard_tag table" duration=459.042µs
app-grafana           | logger=migrator t=2026-09-18T04:59:46.301319794Z level=info msg="Executing migration" id="Add missing dashboard_uid and org_id to star"
app-grafana           | logger=migrator t=2026-09-18T04:59:46.301905502Z level=info msg="Migration successfully executed" id="Add missing dashboard_uid and org_id to star" duration=587.792µs
app-grafana           | logger=migrator t=2026-09-18T04:59:46.310914669Z level=info msg="Executing migration" id="create data_source table"
app-grafana           | logger=migrator t=2026-09-18T04:59:46.311858419Z level=info msg="Migration successfully executed" id="create data_source table" duration=945.666µs
app-grafana           | logger=migrator t=2026-09-18T04:59:46.314760419Z level=info msg="Executing migration" id="add index data_source.account_id"
app-grafana           | logger=migrator t=2026-09-18T04:59:46.315287877Z level=info msg="Migration successfully executed" id="add index data_source.account_id" duration=527.458µs
app-grafana           | logger=migrator t=2026-09-18T04:59:46.318879252Z level=info msg="Executing migration" id="add unique index data_source.account_id_name"
app-grafana           | logger=migrator t=2026-09-18T04:59:46.319709419Z level=info msg="Migration successfully executed" id="add unique index data_source.account_id_name" duration=831.625µs
app-grafana           | logger=migrator t=2026-09-18T04:59:46.321773336Z level=info msg="Executing migration" id="drop index IDX_data_source_account_id - v1"
app-grafana           | logger=migrator t=2026-09-18T04:59:46.322299044Z level=info msg="Migration successfully executed" id="drop index IDX_data_source_account_id - v1" duration=527.917µs
app-grafana           | logger=migrator t=2026-09-18T04:59:46.324319211Z level=info msg="Executing migration" id="drop index UQE_data_source_account_id_name - v1"
app-grafana           | logger=migrator t=2026-09-18T04:59:46.325308127Z level=info msg="Migration successfully executed" id="drop index UQE_data_source_account_id_name - v1" duration=989.666µs
app-grafana           | logger=migrator t=2026-09-18T04:59:46.328588377Z level=info msg="Executing migration" id="Rename table data_source to data_source_v1 - v1"
app-grafana           | logger=migrator t=2026-09-18T04:59:46.332952669Z level=info msg="Migration successfully executed" id="Rename table data_source to data_source_v1 - v1" duration=4.362708ms
app-grafana           | logger=migrator t=2026-09-18T04:59:46.336514627Z level=info msg="Executing migration" id="create data_source table v2"
app-grafana           | logger=migrator t=2026-09-18T04:59:46.337132836Z level=info msg="Migration successfully executed" id="create data_source table v2" duration=618.416µs
app-grafana           | logger=migrator t=2026-09-18T04:59:46.339695211Z level=info msg="Executing migration" id="create index IDX_data_source_org_id - v2"
app-grafana           | logger=migrator t=2026-09-18T04:59:46.340282544Z level=info msg="Migration successfully executed" id="create index IDX_data_source_org_id - v2" duration=587.458µs
app-grafana           | logger=migrator t=2026-09-18T04:59:46.342636252Z level=info msg="Executing migration" id="create index UQE_data_source_org_id_name - v2"
app-grafana           | logger=migrator t=2026-09-18T04:59:46.343302461Z level=info msg="Migration successfully executed" id="create index UQE_data_source_org_id_name - v2" duration=666.208µs
app-grafana           | logger=migrator t=2026-09-18T04:59:46.349966127Z level=info msg="Executing migration" id="Drop old table data_source_v1 #2"
app-grafana           | logger=migrator t=2026-09-18T04:59:46.350648836Z level=info msg="Migration successfully executed" id="Drop old table data_source_v1 #2" duration=684.292µs
app-grafana           | logger=migrator t=2026-09-18T04:59:46.353135836Z level=info msg="Executing migration" id="Add column with_credentials"
app-grafana           | logger=migrator t=2026-09-18T04:59:46.355940086Z level=info msg="Migration successfully executed" id="Add column with_credentials" duration=2.801459ms
app-grafana           | logger=migrator t=2026-09-18T04:59:46.358795211Z level=info msg="Executing migration" id="Add secure json data column"
app-grafana           | logger=migrator t=2026-09-18T04:59:46.360825919Z level=info msg="Migration successfully executed" id="Add secure json data column" duration=2.030833ms
app-grafana           | logger=migrator t=2026-09-18T04:59:46.362513002Z level=info msg="Executing migration" id="Update data_source table charset"
app-grafana           | logger=migrator t=2026-09-18T04:59:46.362531419Z level=info msg="Migration successfully executed" id="Update data_source table charset" duration=19.042µs
app-grafana           | logger=migrator t=2026-09-18T04:59:46.364342336Z level=info msg="Executing migration" id="Update initial version to 1"
app-grafana           | logger=migrator t=2026-09-18T04:59:46.364523044Z level=info msg="Migration successfully executed" id="Update initial version to 1" duration=180.625µs
app-grafana           | logger=migrator t=2026-09-18T04:59:46.366118627Z level=info msg="Executing migration" id="Add read_only data column"
app-grafana           | logger=migrator t=2026-09-18T04:59:46.367589461Z level=info msg="Migration successfully executed" id="Add read_only data column" duration=1.47225ms
app-grafana           | logger=migrator t=2026-09-18T04:59:46.369184377Z level=info msg="Executing migration" id="Migrate logging ds to loki ds"
app-grafana           | logger=migrator t=2026-09-18T04:59:46.369287086Z level=info msg="Migration successfully executed" id="Migrate logging ds to loki ds" duration=102.583µs
app-grafana           | logger=migrator t=2026-09-18T04:59:46.371081877Z level=info msg="Executing migration" id="Update json_data with nulls"
app-grafana           | logger=migrator t=2026-09-18T04:59:46.371168211Z level=info msg="Migration successfully executed" id="Update json_data with nulls" duration=86.041µs
app-grafana           | logger=migrator t=2026-09-18T04:59:46.373119627Z level=info msg="Executing migration" id="Add uid column"
app-grafana           | logger=migrator t=2026-09-18T04:59:46.374469919Z level=info msg="Migration successfully executed" id="Add uid column" duration=1.351375ms
app-grafana           | logger=migrator t=2026-09-18T04:59:46.375754794Z level=info msg="Executing migration" id="Update uid value"
app-grafana           | logger=migrator t=2026-09-18T04:59:46.375822836Z level=info msg="Migration successfully executed" id="Update uid value" duration=68.25µs
app-grafana           | logger=migrator t=2026-09-18T04:59:46.377350044Z level=info msg="Executing migration" id="Add unique index datasource_org_id_uid"
app-grafana           | logger=migrator t=2026-09-18T04:59:46.377751461Z level=info msg="Migration successfully executed" id="Add unique index datasource_org_id_uid" duration=401.125µs
app-grafana           | logger=migrator t=2026-09-18T04:59:46.379408419Z level=info msg="Executing migration" id="add unique index datasource_org_id_is_default"
app-grafana           | logger=migrator t=2026-09-18T04:59:46.379797877Z level=info msg="Migration successfully executed" id="add unique index datasource_org_id_is_default" duration=389.125µs
app-grafana           | logger=migrator t=2026-09-18T04:59:46.383940252Z level=info msg="Executing migration" id="Add is_prunable column"
app-grafana           | logger=migrator t=2026-09-18T04:59:46.386904669Z level=info msg="Migration successfully executed" id="Add is_prunable column" duration=2.965041ms
app-grafana           | logger=migrator t=2026-09-18T04:59:46.389164127Z level=info msg="Executing migration" id="Add api_version column"
app-grafana           | logger=migrator t=2026-09-18T04:59:46.390796586Z level=info msg="Migration successfully executed" id="Add api_version column" duration=1.631791ms
app-grafana           | logger=migrator t=2026-09-18T04:59:46.393105461Z level=info msg="Executing migration" id="Update secure_json_data column to MediumText"
app-grafana           | logger=migrator t=2026-09-18T04:59:46.393118461Z level=info msg="Migration successfully executed" id="Update secure_json_data column to MediumText" duration=13.041µs
app-grafana           | logger=migrator t=2026-09-18T04:59:46.394983544Z level=info msg="Executing migration" id="Update json_data column to MediumText"
app-grafana           | logger=migrator t=2026-09-18T04:59:46.394997002Z level=info msg="Migration successfully executed" id="Update json_data column to MediumText" duration=13.959µs
app-grafana           | logger=migrator t=2026-09-18T04:59:46.397245336Z level=info msg="Executing migration" id="create api_key table"
app-grafana           | logger=migrator t=2026-09-18T04:59:46.397755877Z level=info msg="Migration successfully executed" id="create api_key table" duration=510.083µs
app-grafana           | logger=migrator t=2026-09-18T04:59:46.400417127Z level=info msg="Executing migration" id="add index api_key.account_id"
app-grafana           | logger=migrator t=2026-09-18T04:59:46.400882461Z level=info msg="Migration successfully executed" id="add index api_key.account_id" duration=465.5µs
app-grafana           | logger=migrator t=2026-09-18T04:59:46.402850127Z level=info msg="Executing migration" id="add index api_key.key"
app-grafana           | logger=migrator t=2026-09-18T04:59:46.403724836Z level=info msg="Migration successfully executed" id="add index api_key.key" duration=874.333µs
app-grafana           | logger=migrator t=2026-09-18T04:59:46.407233794Z level=info msg="Executing migration" id="add index api_key.account_id_name"
app-grafana           | logger=migrator t=2026-09-18T04:59:46.407920336Z level=info msg="Migration successfully executed" id="add index api_key.account_id_name" duration=685.459µs
app-grafana           | logger=migrator t=2026-09-18T04:59:46.410237086Z level=info msg="Executing migration" id="drop index IDX_api_key_account_id - v1"
app-grafana           | logger=migrator t=2026-09-18T04:59:46.410997627Z level=info msg="Migration successfully executed" id="drop index IDX_api_key_account_id - v1" duration=760.875µs
app-grafana           | logger=migrator t=2026-09-18T04:59:46.413651252Z level=info msg="Executing migration" id="drop index UQE_api_key_key - v1"
app-grafana           | logger=migrator t=2026-09-18T04:59:46.414153044Z level=info msg="Migration successfully executed" id="drop index UQE_api_key_key - v1" duration=502.875µs
app-grafana           | logger=migrator t=2026-09-18T04:59:46.417723836Z level=info msg="Executing migration" id="drop index UQE_api_key_account_id_name - v1"
app-grafana           | logger=migrator t=2026-09-18T04:59:46.418212169Z level=info msg="Migration successfully executed" id="drop index UQE_api_key_account_id_name - v1" duration=488.542µs
app-grafana           | logger=migrator t=2026-09-18T04:59:46.421709127Z level=info msg="Executing migration" id="Rename table api_key to api_key_v1 - v1"
app-grafana           | logger=migrator t=2026-09-18T04:59:46.425602127Z level=info msg="Migration successfully executed" id="Rename table api_key to api_key_v1 - v1" duration=3.893417ms
app-grafana           | logger=migrator t=2026-09-18T04:59:46.427754419Z level=info msg="Executing migration" id="create api_key table v2"
app-grafana           | logger=migrator t=2026-09-18T04:59:46.428139127Z level=info msg="Migration successfully executed" id="create api_key table v2" duration=384.333µs
app-grafana           | logger=migrator t=2026-09-18T04:59:46.429736919Z level=info msg="Executing migration" id="create index IDX_api_key_org_id - v2"
app-grafana           | logger=migrator t=2026-09-18T04:59:46.430103169Z level=info msg="Migration successfully executed" id="create index IDX_api_key_org_id - v2" duration=366.625µs
app-grafana           | logger=migrator t=2026-09-18T04:59:46.431936669Z level=info msg="Executing migration" id="create index UQE_api_key_key - v2"
app-grafana           | logger=migrator t=2026-09-18T04:59:46.432358294Z level=info msg="Migration successfully executed" id="create index UQE_api_key_key - v2" duration=421.375µs
app-grafana           | logger=migrator t=2026-09-18T04:59:46.435466044Z level=info msg="Executing migration" id="create index UQE_api_key_org_id_name - v2"
app-grafana           | logger=migrator t=2026-09-18T04:59:46.435997711Z level=info msg="Migration successfully executed" id="create index UQE_api_key_org_id_name - v2" duration=530µs
app-grafana           | logger=migrator t=2026-09-18T04:59:46.438307836Z level=info msg="Executing migration" id="copy api_key v1 to v2"
app-grafana           | logger=migrator t=2026-09-18T04:59:46.438474252Z level=info msg="Migration successfully executed" id="copy api_key v1 to v2" duration=165.833µs
app-grafana           | logger=migrator t=2026-09-18T04:59:46.441081461Z level=info msg="Executing migration" id="Drop old table api_key_v1"
app-grafana           | logger=migrator t=2026-09-18T04:59:46.441420627Z level=info msg="Migration successfully executed" id="Drop old table api_key_v1" duration=339.542µs
app-grafana           | logger=migrator t=2026-09-18T04:59:46.443888586Z level=info msg="Executing migration" id="Update api_key table charset"
app-grafana           | logger=migrator t=2026-09-18T04:59:46.443908669Z level=info msg="Migration successfully executed" id="Update api_key table charset" duration=20.917µs
app-grafana           | logger=migrator t=2026-09-18T04:59:46.445951544Z level=info msg="Executing migration" id="Add expires to api_key table"
app-grafana           | logger=migrator t=2026-09-18T04:59:46.447532252Z level=info msg="Migration successfully executed" id="Add expires to api_key table" duration=1.580291ms
app-grafana           | logger=migrator t=2026-09-18T04:59:46.449629252Z level=info msg="Executing migration" id="Add service account foreign key"
app-grafana           | logger=migrator t=2026-09-18T04:59:46.451750336Z level=info msg="Migration successfully executed" id="Add service account foreign key" duration=2.120875ms
app-grafana           | logger=migrator t=2026-09-18T04:59:46.455202461Z level=info msg="Executing migration" id="set service account foreign key to nil if 0"
app-grafana           | logger=migrator t=2026-09-18T04:59:46.455293169Z level=info msg="Migration successfully executed" id="set service account foreign key to nil if 0" duration=90.625µs
app-grafana           | logger=migrator t=2026-09-18T04:59:46.458259044Z level=info msg="Executing migration" id="Add last_used_at to api_key table"
app-grafana           | logger=migrator t=2026-09-18T04:59:46.459774836Z level=info msg="Migration successfully executed" id="Add last_used_at to api_key table" duration=1.5155ms
app-grafana           | logger=migrator t=2026-09-18T04:59:46.462339419Z level=info msg="Executing migration" id="Add is_revoked column to api_key table"
app-grafana           | logger=migrator t=2026-09-18T04:59:46.464020336Z level=info msg="Migration successfully executed" id="Add is_revoked column to api_key table" duration=1.680833ms
app-grafana           | logger=migrator t=2026-09-18T04:59:46.465500752Z level=info msg="Executing migration" id="create dashboard_snapshot table v4"
app-grafana           | logger=migrator t=2026-09-18T04:59:46.465841794Z level=info msg="Migration successfully executed" id="create dashboard_snapshot table v4" duration=348.791µs
app-grafana           | logger=migrator t=2026-09-18T04:59:46.467885419Z level=info msg="Executing migration" id="drop table dashboard_snapshot_v4 #1"
app-grafana           | logger=migrator t=2026-09-18T04:59:46.468158336Z level=info msg="Migration successfully executed" id="drop table dashboard_snapshot_v4 #1" duration=272.584µs
app-grafana           | logger=migrator t=2026-09-18T04:59:46.469727752Z level=info msg="Executing migration" id="create dashboard_snapshot table v5 #2"
app-grafana           | logger=migrator t=2026-09-18T04:59:46.470048211Z level=info msg="Migration successfully executed" id="create dashboard_snapshot table v5 #2" duration=319.375µs
app-grafana           | logger=migrator t=2026-09-18T04:59:46.471505294Z level=info msg="Executing migration" id="create index UQE_dashboard_snapshot_key - v5"
app-grafana           | logger=migrator t=2026-09-18T04:59:46.471887669Z level=info msg="Migration successfully executed" id="create index UQE_dashboard_snapshot_key - v5" duration=381.834µs
app-grafana           | logger=migrator t=2026-09-18T04:59:46.473892252Z level=info msg="Executing migration" id="create index UQE_dashboard_snapshot_delete_key - v5"
app-grafana           | logger=migrator t=2026-09-18T04:59:46.474214294Z level=info msg="Migration successfully executed" id="create index UQE_dashboard_snapshot_delete_key - v5" duration=322µs
app-grafana           | logger=migrator t=2026-09-18T04:59:46.476252252Z level=info msg="Executing migration" id="create index IDX_dashboard_snapshot_user_id - v5"
app-grafana           | logger=migrator t=2026-09-18T04:59:46.476603461Z level=info msg="Migration successfully executed" id="create index IDX_dashboard_snapshot_user_id - v5" duration=352.292µs
app-grafana           | logger=migrator t=2026-09-18T04:59:46.478828086Z level=info msg="Executing migration" id="alter dashboard_snapshot to mediumtext v2"
app-grafana           | logger=migrator t=2026-09-18T04:59:46.478854294Z level=info msg="Migration successfully executed" id="alter dashboard_snapshot to mediumtext v2" duration=27µs
app-grafana           | logger=migrator t=2026-09-18T04:59:46.480766377Z level=info msg="Executing migration" id="Update dashboard_snapshot table charset"
app-grafana           | logger=migrator t=2026-09-18T04:59:46.480780252Z level=info msg="Migration successfully executed" id="Update dashboard_snapshot table charset" duration=13.209µs
app-grafana           | logger=migrator t=2026-09-18T04:59:46.484969669Z level=info msg="Executing migration" id="Add column external_delete_url to dashboard_snapshots table"
app-grafana           | logger=migrator t=2026-09-18T04:59:46.486997377Z level=info msg="Migration successfully executed" id="Add column external_delete_url to dashboard_snapshots table" duration=2.027084ms
app-grafana           | logger=migrator t=2026-09-18T04:59:46.488990669Z level=info msg="Executing migration" id="Add encrypted dashboard json column"
app-grafana           | logger=migrator t=2026-09-18T04:59:46.491551752Z level=info msg="Migration successfully executed" id="Add encrypted dashboard json column" duration=2.561459ms
app-grafana           | logger=migrator t=2026-09-18T04:59:46.494004711Z level=info msg="Executing migration" id="Change dashboard_encrypted column to MEDIUMBLOB"
app-grafana           | logger=migrator t=2026-09-18T04:59:46.494020002Z level=info msg="Migration successfully executed" id="Change dashboard_encrypted column to MEDIUMBLOB" duration=16.084µs
app-grafana           | logger=migrator t=2026-09-18T04:59:46.495762044Z level=info msg="Executing migration" id="create quota table v1"
app-grafana           | logger=migrator t=2026-09-18T04:59:46.496198169Z level=info msg="Migration successfully executed" id="create quota table v1" duration=435.958µs
app-grafana           | logger=migrator t=2026-09-18T04:59:46.497858211Z level=info msg="Executing migration" id="create index UQE_quota_org_id_user_id_target - v1"
app-grafana           | logger=migrator t=2026-09-18T04:59:46.498348794Z level=info msg="Migration successfully executed" id="create index UQE_quota_org_id_user_id_target - v1" duration=490.875µs
app-grafana           | logger=migrator t=2026-09-18T04:59:46.500416961Z level=info msg="Executing migration" id="Update quota table charset"
app-grafana           | logger=migrator t=2026-09-18T04:59:46.500432169Z level=info msg="Migration successfully executed" id="Update quota table charset" duration=14.417µs
app-grafana           | logger=migrator t=2026-09-18T04:59:46.502695961Z level=info msg="Executing migration" id="create plugin_setting table"
app-grafana           | logger=migrator t=2026-09-18T04:59:46.503233419Z level=info msg="Migration successfully executed" id="create plugin_setting table" duration=537.792µs
app-grafana           | logger=migrator t=2026-09-18T04:59:46.504870961Z level=info msg="Executing migration" id="create index UQE_plugin_setting_org_id_plugin_id - v1"
app-grafana           | logger=migrator t=2026-09-18T04:59:46.505276669Z level=info msg="Migration successfully executed" id="create index UQE_plugin_setting_org_id_plugin_id - v1" duration=405.625µs
app-grafana           | logger=migrator t=2026-09-18T04:59:46.506619752Z level=info msg="Executing migration" id="Add column plugin_version to plugin_settings"
app-grafana           | logger=migrator t=2026-09-18T04:59:46.508542002Z level=info msg="Migration successfully executed" id="Add column plugin_version to plugin_settings" duration=1.921875ms
app-grafana           | logger=migrator t=2026-09-18T04:59:46.510480752Z level=info msg="Executing migration" id="Update plugin_setting table charset"
app-grafana           | logger=migrator t=2026-09-18T04:59:46.510501711Z level=info msg="Migration successfully executed" id="Update plugin_setting table charset" duration=21.084µs
app-grafana           | logger=migrator t=2026-09-18T04:59:46.512323669Z level=info msg="Executing migration" id="update NULL org_id to 1"
app-grafana           | logger=migrator t=2026-09-18T04:59:46.512540336Z level=info msg="Migration successfully executed" id="update NULL org_id to 1" duration=216.792µs
app-grafana           | logger=migrator t=2026-09-18T04:59:46.514900669Z level=info msg="Executing migration" id="make org_id NOT NULL and DEFAULT VALUE 1"
app-grafana           | logger=migrator t=2026-09-18T04:59:46.520085336Z level=info msg="Migration successfully executed" id="make org_id NOT NULL and DEFAULT VALUE 1" duration=5.184209ms
app-grafana           | logger=migrator t=2026-09-18T04:59:46.521759752Z level=info msg="Executing migration" id="create session table"
app-grafana           | logger=migrator t=2026-09-18T04:59:46.522064586Z level=info msg="Migration successfully executed" id="create session table" duration=306.458µs
app-grafana           | logger=migrator t=2026-09-18T04:59:46.524751627Z level=info msg="Executing migration" id="Drop old table playlist table"
app-grafana           | logger=migrator t=2026-09-18T04:59:46.524787002Z level=info msg="Migration successfully executed" id="Drop old table playlist table" duration=36.333µs
app-grafana           | logger=migrator t=2026-09-18T04:59:46.526562336Z level=info msg="Executing migration" id="Drop old table playlist_item table"
app-grafana           | logger=migrator t=2026-09-18T04:59:46.526628836Z level=info msg="Migration successfully executed" id="Drop old table playlist_item table" duration=69.958µs
app-grafana           | logger=migrator t=2026-09-18T04:59:46.528207752Z level=info msg="Executing migration" id="create playlist table v2"
app-grafana           | logger=migrator t=2026-09-18T04:59:46.528596211Z level=info msg="Migration successfully executed" id="create playlist table v2" duration=387.375µs
app-grafana           | logger=migrator t=2026-09-18T04:59:46.531036377Z level=info msg="Executing migration" id="create playlist item table v2"
app-grafana           | logger=migrator t=2026-09-18T04:59:46.531308586Z level=info msg="Migration successfully executed" id="create playlist item table v2" duration=272.084µs
app-grafana           | logger=migrator t=2026-09-18T04:59:46.532852877Z level=info msg="Executing migration" id="Update playlist table charset"
app-grafana           | logger=migrator t=2026-09-18T04:59:46.532877752Z level=info msg="Migration successfully executed" id="Update playlist table charset" duration=24.417µs
app-grafana           | logger=migrator t=2026-09-18T04:59:46.534893211Z level=info msg="Executing migration" id="Update playlist_item table charset"
app-grafana           | logger=migrator t=2026-09-18T04:59:46.534905419Z level=info msg="Migration successfully executed" id="Update playlist_item table charset" duration=12.625µs
app-grafana           | logger=migrator t=2026-09-18T04:59:46.536288669Z level=info msg="Executing migration" id="Add playlist column created_at"
app-grafana           | logger=migrator t=2026-09-18T04:59:46.537849586Z level=info msg="Migration successfully executed" id="Add playlist column created_at" duration=1.560583ms
app-grafana           | logger=migrator t=2026-09-18T04:59:46.539507877Z level=info msg="Executing migration" id="Add playlist column updated_at"
app-grafana           | logger=migrator t=2026-09-18T04:59:46.541156752Z level=info msg="Migration successfully executed" id="Add playlist column updated_at" duration=1.6475ms
app-grafana           | logger=migrator t=2026-09-18T04:59:46.542705127Z level=info msg="Executing migration" id="drop preferences table v2"
app-grafana           | logger=migrator t=2026-09-18T04:59:46.542745711Z level=info msg="Migration successfully executed" id="drop preferences table v2" duration=40.5µs
app-grafana           | logger=migrator t=2026-09-18T04:59:46.543968336Z level=info msg="Executing migration" id="drop preferences table v3"
app-grafana           | logger=migrator t=2026-09-18T04:59:46.544025586Z level=info msg="Migration successfully executed" id="drop preferences table v3" duration=56.833µs
app-grafana           | logger=migrator t=2026-09-18T04:59:46.545754919Z level=info msg="Executing migration" id="create preferences table v3"
app-grafana           | logger=migrator t=2026-09-18T04:59:46.546081877Z level=info msg="Migration successfully executed" id="create preferences table v3" duration=326.875µs
app-grafana           | logger=migrator t=2026-09-18T04:59:46.547778836Z level=info msg="Executing migration" id="Update preferences table charset"
app-grafana           | logger=migrator t=2026-09-18T04:59:46.547806086Z level=info msg="Migration successfully executed" id="Update preferences table charset" duration=14.834µs
app-grafana           | logger=migrator t=2026-09-18T04:59:46.549506294Z level=info msg="Executing migration" id="Add column team_id in preferences"
app-grafana           | logger=migrator t=2026-09-18T04:59:46.551139044Z level=info msg="Migration successfully executed" id="Add column team_id in preferences" duration=1.63375ms
app-grafana           | logger=migrator t=2026-09-18T04:59:46.552628711Z level=info msg="Executing migration" id="Update team_id column values in preferences"
app-grafana           | logger=migrator t=2026-09-18T04:59:46.552683877Z level=info msg="Migration successfully executed" id="Update team_id column values in preferences" duration=55.416µs
app-grafana           | logger=migrator t=2026-09-18T04:59:46.554212836Z level=info msg="Executing migration" id="Add column week_start in preferences"
app-grafana           | logger=migrator t=2026-09-18T04:59:46.555975877Z level=info msg="Migration successfully executed" id="Add column week_start in preferences" duration=1.762875ms
app-grafana           | logger=migrator t=2026-09-18T04:59:46.557487586Z level=info msg="Executing migration" id="Add column preferences.json_data"
app-grafana           | logger=migrator t=2026-09-18T04:59:46.559072169Z level=info msg="Migration successfully executed" id="Add column preferences.json_data" duration=1.584125ms
app-grafana           | logger=migrator t=2026-09-18T04:59:46.561202836Z level=info msg="Executing migration" id="alter preferences.json_data to mediumtext v1"
app-grafana           | logger=migrator t=2026-09-18T04:59:46.561213169Z level=info msg="Migration successfully executed" id="alter preferences.json_data to mediumtext v1" duration=10.833µs
app-grafana           | logger=migrator t=2026-09-18T04:59:46.562686877Z level=info msg="Executing migration" id="Add preferences index org_id"
app-grafana           | logger=migrator t=2026-09-18T04:59:46.562996211Z level=info msg="Migration successfully executed" id="Add preferences index org_id" duration=308.417µs
app-grafana           | logger=migrator t=2026-09-18T04:59:46.565005461Z level=info msg="Executing migration" id="Add preferences index user_id"
app-grafana           | logger=migrator t=2026-09-18T04:59:46.565424877Z level=info msg="Migration successfully executed" id="Add preferences index user_id" duration=419.125µs
app-grafana           | logger=migrator t=2026-09-18T04:59:46.568138044Z level=info msg="Executing migration" id="Add home_dashboard_uid column to preferences table"
app-grafana           | logger=migrator t=2026-09-18T04:59:46.569635044Z level=info msg="Migration successfully executed" id="Add home_dashboard_uid column to preferences table" duration=1.496708ms
app-grafana           | logger=migrator t=2026-09-18T04:59:46.571293377Z level=info msg="Executing migration" id="Add missing dashboard_uid to preferences table"
app-grafana           | logger=migrator t=2026-09-18T04:59:46.571439544Z level=info msg="Migration successfully executed" id="Add missing dashboard_uid to preferences table" duration=144.916µs
app-grafana           | logger=migrator t=2026-09-18T04:59:46.573219794Z level=info msg="Executing migration" id="create alert table v1"
app-grafana           | logger=migrator t=2026-09-18T04:59:46.573589252Z level=info msg="Migration successfully executed" id="create alert table v1" duration=369.25µs
app-grafana           | logger=migrator t=2026-09-18T04:59:46.575571086Z level=info msg="Executing migration" id="add index alert org_id & id "
app-grafana           | logger=migrator t=2026-09-18T04:59:46.576085669Z level=info msg="Migration successfully executed" id="add index alert org_id & id " duration=513.75µs
app-grafana           | logger=migrator t=2026-09-18T04:59:46.578497252Z level=info msg="Executing migration" id="add index alert state"
app-grafana           | logger=migrator t=2026-09-18T04:59:46.578856627Z level=info msg="Migration successfully executed" id="add index alert state" duration=359.25µs
app-grafana           | logger=migrator t=2026-09-18T04:59:46.581035127Z level=info msg="Executing migration" id="add index alert dashboard_id"
app-grafana           | logger=migrator t=2026-09-18T04:59:46.581508502Z level=info msg="Migration successfully executed" id="add index alert dashboard_id" duration=473.375µs
app-grafana           | logger=migrator t=2026-09-18T04:59:46.583086836Z level=info msg="Executing migration" id="Create alert_rule_tag table v1"
app-grafana           | logger=migrator t=2026-09-18T04:59:46.583375252Z level=info msg="Migration successfully executed" id="Create alert_rule_tag table v1" duration=287.166µs
app-grafana           | logger=migrator t=2026-09-18T04:59:46.584843502Z level=info msg="Executing migration" id="Add unique index alert_rule_tag.alert_id_tag_id"
app-grafana           | logger=migrator t=2026-09-18T04:59:46.585228711Z level=info msg="Migration successfully executed" id="Add unique index alert_rule_tag.alert_id_tag_id" duration=384.792µs
app-grafana           | logger=migrator t=2026-09-18T04:59:46.587606419Z level=info msg="Executing migration" id="drop index UQE_alert_rule_tag_alert_id_tag_id - v1"
app-grafana           | logger=migrator t=2026-09-18T04:59:46.588132919Z level=info msg="Migration successfully executed" id="drop index UQE_alert_rule_tag_alert_id_tag_id - v1" duration=527.208µs
app-grafana           | logger=migrator t=2026-09-18T04:59:46.590240086Z level=info msg="Executing migration" id="Rename table alert_rule_tag to alert_rule_tag_v1 - v1"
app-grafana           | logger=migrator t=2026-09-18T04:59:46.595643169Z level=info msg="Migration successfully executed" id="Rename table alert_rule_tag to alert_rule_tag_v1 - v1" duration=5.401917ms
app-grafana           | logger=migrator t=2026-09-18T04:59:46.597334627Z level=info msg="Executing migration" id="Create alert_rule_tag table v2"
app-grafana           | logger=migrator t=2026-09-18T04:59:46.597612086Z level=info msg="Migration successfully executed" id="Create alert_rule_tag table v2" duration=277.583µs
app-grafana           | logger=migrator t=2026-09-18T04:59:46.598754294Z level=info msg="Executing migration" id="create index UQE_alert_rule_tag_alert_id_tag_id - Add unique index alert_rule_tag.alert_id_tag_id V2"
app-grafana           | logger=migrator t=2026-09-18T04:59:46.599090336Z level=info msg="Migration successfully executed" id="create index UQE_alert_rule_tag_alert_id_tag_id - Add unique index alert_rule_tag.alert_id_tag_id V2" duration=324.917µs
app-grafana           | logger=migrator t=2026-09-18T04:59:46.600585086Z level=info msg="Executing migration" id="copy alert_rule_tag v1 to v2"
app-grafana           | logger=migrator t=2026-09-18T04:59:46.600713961Z level=info msg="Migration successfully executed" id="copy alert_rule_tag v1 to v2" duration=129.041µs
app-grafana           | logger=migrator t=2026-09-18T04:59:46.602030169Z level=info msg="Executing migration" id="drop table alert_rule_tag_v1"
app-grafana           | logger=migrator t=2026-09-18T04:59:46.602270377Z level=info msg="Migration successfully executed" id="drop table alert_rule_tag_v1" duration=240.208µs
app-grafana           | logger=migrator t=2026-09-18T04:59:46.603810169Z level=info msg="Executing migration" id="create alert_notification table v1"
app-grafana           | logger=migrator t=2026-09-18T04:59:46.604094336Z level=info msg="Migration successfully executed" id="create alert_notification table v1" duration=283.875µs
app-grafana           | logger=migrator t=2026-09-18T04:59:46.605947086Z level=info msg="Executing migration" id="Add column is_default"
app-grafana           | logger=migrator t=2026-09-18T04:59:46.607804294Z level=info msg="Migration successfully executed" id="Add column is_default" duration=1.857375ms
app-grafana           | logger=migrator t=2026-09-18T04:59:46.609724711Z level=info msg="Executing migration" id="Add column frequency"
app-grafana           | logger=migrator t=2026-09-18T04:59:46.611414711Z level=info msg="Migration successfully executed" id="Add column frequency" duration=1.683875ms
app-grafana           | logger=migrator t=2026-09-18T04:59:46.613610877Z level=info msg="Executing migration" id="Add column send_reminder"
app-grafana           | logger=migrator t=2026-09-18T04:59:46.615431169Z level=info msg="Migration successfully executed" id="Add column send_reminder" duration=1.820375ms
app-grafana           | logger=migrator t=2026-09-18T04:59:46.616981461Z level=info msg="Executing migration" id="Add column disable_resolve_message"
app-grafana           | logger=migrator t=2026-09-18T04:59:46.618763544Z level=info msg="Migration successfully executed" id="Add column disable_resolve_message" duration=1.777958ms
app-grafana           | logger=migrator t=2026-09-18T04:59:46.620525002Z level=info msg="Executing migration" id="add index alert_notification org_id & name"
app-grafana           | logger=migrator t=2026-09-18T04:59:46.620867252Z level=info msg="Migration successfully executed" id="add index alert_notification org_id & name" duration=342.334µs
app-grafana           | logger=migrator t=2026-09-18T04:59:46.622374794Z level=info msg="Executing migration" id="Update alert table charset"
app-grafana           | logger=migrator t=2026-09-18T04:59:46.622392336Z level=info msg="Migration successfully executed" id="Update alert table charset" duration=18.042µs
app-grafana           | logger=migrator t=2026-09-18T04:59:46.625777627Z level=info msg="Executing migration" id="Update alert_notification table charset"
app-grafana           | logger=migrator t=2026-09-18T04:59:46.625793169Z level=info msg="Migration successfully executed" id="Update alert_notification table charset" duration=16.084µs
app-grafana           | logger=migrator t=2026-09-18T04:59:46.628947127Z level=info msg="Executing migration" id="create notification_journal table v1"
app-grafana           | logger=migrator t=2026-09-18T04:59:46.629267294Z level=info msg="Migration successfully executed" id="create notification_journal table v1" duration=319.875µs
app-grafana           | logger=migrator t=2026-09-18T04:59:46.632057336Z level=info msg="Executing migration" id="add index notification_journal org_id & alert_id & notifier_id"
app-grafana           | logger=migrator t=2026-09-18T04:59:46.632414419Z level=info msg="Migration successfully executed" id="add index notification_journal org_id & alert_id & notifier_id" duration=357.166µs
app-grafana           | logger=migrator t=2026-09-18T04:59:46.634106419Z level=info msg="Executing migration" id="drop alert_notification_journal"
app-grafana           | logger=migrator t=2026-09-18T04:59:46.634480961Z level=info msg="Migration successfully executed" id="drop alert_notification_journal" duration=373.167µs
app-grafana           | logger=migrator t=2026-09-18T04:59:46.636248752Z level=info msg="Executing migration" id="create alert_notification_state table v1"
app-grafana           | logger=migrator t=2026-09-18T04:59:46.636579377Z level=info msg="Migration successfully executed" id="create alert_notification_state table v1" duration=330.5µs
app-grafana           | logger=migrator t=2026-09-18T04:59:46.638759336Z level=info msg="Executing migration" id="add index alert_notification_state org_id & alert_id & notifier_id"
app-grafana           | logger=migrator t=2026-09-18T04:59:46.639151211Z level=info msg="Migration successfully executed" id="add index alert_notification_state org_id & alert_id & notifier_id" duration=398.959µs
app-grafana           | logger=migrator t=2026-09-18T04:59:46.640919336Z level=info msg="Executing migration" id="Add for to alert table"
app-grafana           | logger=migrator t=2026-09-18T04:59:46.642913919Z level=info msg="Migration successfully executed" id="Add for to alert table" duration=2.007541ms
app-grafana           | logger=migrator t=2026-09-18T04:59:46.644503377Z level=info msg="Executing migration" id="Add column uid in alert_notification"
app-grafana           | logger=migrator t=2026-09-18T04:59:46.646329211Z level=info msg="Migration successfully executed" id="Add column uid in alert_notification" duration=1.82575ms
app-grafana           | logger=migrator t=2026-09-18T04:59:46.647879461Z level=info msg="Executing migration" id="Update uid column values in alert_notification"
app-grafana           | logger=migrator t=2026-09-18T04:59:46.647956044Z level=info msg="Migration successfully executed" id="Update uid column values in alert_notification" duration=76.708µs
app-grafana           | logger=migrator t=2026-09-18T04:59:46.649649502Z level=info msg="Executing migration" id="Add unique index alert_notification_org_id_uid"
app-grafana           | logger=migrator t=2026-09-18T04:59:46.650060377Z level=info msg="Migration successfully executed" id="Add unique index alert_notification_org_id_uid" duration=410.792µs
app-grafana           | logger=migrator t=2026-09-18T04:59:46.651477877Z level=info msg="Executing migration" id="Remove unique index org_id_name"
app-grafana           | logger=migrator t=2026-09-18T04:59:46.652294377Z level=info msg="Migration successfully executed" id="Remove unique index org_id_name" duration=819.583µs
app-grafana           | logger=migrator t=2026-09-18T04:59:46.654438669Z level=info msg="Executing migration" id="Add column secure_settings in alert_notification"
app-grafana           | logger=migrator t=2026-09-18T04:59:46.656323752Z level=info msg="Migration successfully executed" id="Add column secure_settings in alert_notification" duration=1.88475ms
app-grafana           | logger=migrator t=2026-09-18T04:59:46.658323044Z level=info msg="Executing migration" id="alter alert.settings to mediumtext"
app-grafana           | logger=migrator t=2026-09-18T04:59:46.658336127Z level=info msg="Migration successfully executed" id="alter alert.settings to mediumtext" duration=14.042µs
app-grafana           | logger=migrator t=2026-09-18T04:59:46.660070752Z level=info msg="Executing migration" id="Add non-unique index alert_notification_state_alert_id"
app-grafana           | logger=migrator t=2026-09-18T04:59:46.660515211Z level=info msg="Migration successfully executed" id="Add non-unique index alert_notification_state_alert_id" duration=444.291µs
app-grafana           | logger=migrator t=2026-09-18T04:59:46.662268627Z level=info msg="Executing migration" id="Add non-unique index alert_rule_tag_alert_id"
app-grafana           | logger=migrator t=2026-09-18T04:59:46.662632002Z level=info msg="Migration successfully executed" id="Add non-unique index alert_rule_tag_alert_id" duration=363.166µs
app-grafana           | logger=migrator t=2026-09-18T04:59:46.664101252Z level=info msg="Executing migration" id="Drop old annotation table v4"
app-grafana           | logger=migrator t=2026-09-18T04:59:46.664144127Z level=info msg="Migration successfully executed" id="Drop old annotation table v4" duration=42.791µs
app-grafana           | logger=migrator t=2026-09-18T04:59:46.665771377Z level=info msg="Executing migration" id="create annotation table v5"
app-grafana           | logger=migrator t=2026-09-18T04:59:46.666205252Z level=info msg="Migration successfully executed" id="create annotation table v5" duration=455.166µs
app-grafana           | logger=migrator t=2026-09-18T04:59:46.668911377Z level=info msg="Executing migration" id="add index annotation 0 v3"
app-grafana           | logger=migrator t=2026-09-18T04:59:46.669307794Z level=info msg="Migration successfully executed" id="add index annotation 0 v3" duration=396.125µs
app-grafana           | logger=migrator t=2026-09-18T04:59:46.670919752Z level=info msg="Executing migration" id="add index annotation 1 v3"
app-grafana           | logger=migrator t=2026-09-18T04:59:46.671287794Z level=info msg="Migration successfully executed" id="add index annotation 1 v3" duration=368.75µs
app-grafana           | logger=migrator t=2026-09-18T04:59:46.672931836Z level=info msg="Executing migration" id="add index annotation 2 v3"
app-grafana           | logger=migrator t=2026-09-18T04:59:46.673304669Z level=info msg="Migration successfully executed" id="add index annotation 2 v3" duration=372.833µs
app-grafana           | logger=migrator t=2026-09-18T04:59:46.675439461Z level=info msg="Executing migration" id="add index annotation 3 v3"
app-grafana           | logger=migrator t=2026-09-18T04:59:46.675901419Z level=info msg="Migration successfully executed" id="add index annotation 3 v3" duration=460.792µs
app-grafana           | logger=migrator t=2026-09-18T04:59:46.678026627Z level=info msg="Executing migration" id="add index annotation 4 v3"
app-grafana           | logger=migrator t=2026-09-18T04:59:46.678367086Z level=info msg="Migration successfully executed" id="add index annotation 4 v3" duration=340.834µs
app-grafana           | logger=migrator t=2026-09-18T04:59:46.680041627Z level=info msg="Executing migration" id="Update annotation table charset"
app-grafana           | logger=migrator t=2026-09-18T04:59:46.680064836Z level=info msg="Migration successfully executed" id="Update annotation table charset" duration=14.959µs
app-grafana           | logger=migrator t=2026-09-18T04:59:46.681737127Z level=info msg="Executing migration" id="Add column region_id to annotation table"
app-grafana           | logger=migrator t=2026-09-18T04:59:46.683967336Z level=info msg="Migration successfully executed" id="Add column region_id to annotation table" duration=2.230042ms
app-grafana           | logger=migrator t=2026-09-18T04:59:46.685469044Z level=info msg="Executing migration" id="Drop category_id index"
app-grafana           | logger=migrator t=2026-09-18T04:59:46.685859336Z level=info msg="Migration successfully executed" id="Drop category_id index" duration=390µs
app-grafana           | logger=migrator t=2026-09-18T04:59:46.687384252Z level=info msg="Executing migration" id="Add column tags to annotation table"
app-grafana           | logger=migrator t=2026-09-18T04:59:46.689539294Z level=info msg="Migration successfully executed" id="Add column tags to annotation table" duration=2.161ms
app-grafana           | logger=migrator t=2026-09-18T04:59:46.691779294Z level=info msg="Executing migration" id="Create annotation_tag table v2"
app-grafana           | logger=migrator t=2026-09-18T04:59:46.692042502Z level=info msg="Migration successfully executed" id="Create annotation_tag table v2" duration=262.75µs
app-grafana           | logger=migrator t=2026-09-18T04:59:46.693225377Z level=info msg="Executing migration" id="Add unique index annotation_tag.annotation_id_tag_id"
app-grafana           | logger=migrator t=2026-09-18T04:59:46.693651544Z level=info msg="Migration successfully executed" id="Add unique index annotation_tag.annotation_id_tag_id" duration=419.25µs
app-grafana           | logger=migrator t=2026-09-18T04:59:46.695267544Z level=info msg="Executing migration" id="drop index UQE_annotation_tag_annotation_id_tag_id - v2"
app-grafana           | logger=migrator t=2026-09-18T04:59:46.695741752Z level=info msg="Migration successfully executed" id="drop index UQE_annotation_tag_annotation_id_tag_id - v2" duration=474.083µs
app-grafana           | logger=migrator t=2026-09-18T04:59:46.697876211Z level=info msg="Executing migration" id="Rename table annotation_tag to annotation_tag_v2 - v2"
app-grafana           | logger=migrator t=2026-09-18T04:59:46.703456127Z level=info msg="Migration successfully executed" id="Rename table annotation_tag to annotation_tag_v2 - v2" duration=5.5795ms
app-grafana           | logger=migrator t=2026-09-18T04:59:46.704967294Z level=info msg="Executing migration" id="Create annotation_tag table v3"
app-grafana           | logger=migrator t=2026-09-18T04:59:46.705243669Z level=info msg="Migration successfully executed" id="Create annotation_tag table v3" duration=276.083µs
app-grafana           | logger=migrator t=2026-09-18T04:59:46.709327294Z level=info msg="Executing migration" id="create index UQE_annotation_tag_annotation_id_tag_id - Add unique index annotation_tag.annotation_id_tag_id V3"
app-grafana           | logger=migrator t=2026-09-18T04:59:46.709844502Z level=info msg="Migration successfully executed" id="create index UQE_annotation_tag_annotation_id_tag_id - Add unique index annotation_tag.annotation_id_tag_id V3" duration=517.875µs
app-grafana           | logger=migrator t=2026-09-18T04:59:46.712736794Z level=info msg="Executing migration" id="copy annotation_tag v2 to v3"
app-grafana           | logger=migrator t=2026-09-18T04:59:46.712893544Z level=info msg="Migration successfully executed" id="copy annotation_tag v2 to v3" duration=158µs
app-grafana           | logger=migrator t=2026-09-18T04:59:46.715483502Z level=info msg="Executing migration" id="drop table annotation_tag_v2"
app-grafana           | logger=migrator t=2026-09-18T04:59:46.715895502Z level=info msg="Migration successfully executed" id="drop table annotation_tag_v2" duration=412.083µs
app-grafana           | logger=migrator t=2026-09-18T04:59:46.722641086Z level=info msg="Executing migration" id="Update alert annotations and set TEXT to empty"
app-grafana           | logger=migrator t=2026-09-18T04:59:46.722814336Z level=info msg="Migration successfully executed" id="Update alert annotations and set TEXT to empty" duration=174.459µs
app-grafana           | logger=migrator t=2026-09-18T04:59:46.725085502Z level=info msg="Executing migration" id="Add created time to annotation table"
app-grafana           | logger=migrator t=2026-09-18T04:59:46.727419294Z level=info msg="Migration successfully executed" id="Add created time to annotation table" duration=2.319834ms
app-grafana           | logger=migrator t=2026-09-18T04:59:46.729237377Z level=info msg="Executing migration" id="Add updated time to annotation table"
app-grafana           | logger=migrator t=2026-09-18T04:59:46.731419419Z level=info msg="Migration successfully executed" id="Add updated time to annotation table" duration=2.181834ms
app-grafana           | logger=migrator t=2026-09-18T04:59:46.733232544Z level=info msg="Executing migration" id="Add index for created in annotation table"
app-grafana           | logger=migrator t=2026-09-18T04:59:46.733598961Z level=info msg="Migration successfully executed" id="Add index for created in annotation table" duration=366.292µs
app-grafana           | logger=migrator t=2026-09-18T04:59:46.735110627Z level=info msg="Executing migration" id="Add index for updated in annotation table"
app-grafana           | logger=migrator t=2026-09-18T04:59:46.735463752Z level=info msg="Migration successfully executed" id="Add index for updated in annotation table" duration=365.166µs
app-grafana           | logger=migrator t=2026-09-18T04:59:46.737589086Z level=info msg="Executing migration" id="Convert existing annotations from seconds to milliseconds"
app-grafana           | logger=migrator t=2026-09-18T04:59:46.737740336Z level=info msg="Migration successfully executed" id="Convert existing annotations from seconds to milliseconds" duration=151.167µs
app-grafana           | logger=migrator t=2026-09-18T04:59:46.739985752Z level=info msg="Executing migration" id="Add epoch_end column"
app-grafana           | logger=migrator t=2026-09-18T04:59:46.742522877Z level=info msg="Migration successfully executed" id="Add epoch_end column" duration=2.535083ms
app-grafana           | logger=migrator t=2026-09-18T04:59:46.746046336Z level=info msg="Executing migration" id="Add index for epoch_end"
app-grafana           | logger=migrator t=2026-09-18T04:59:46.746646669Z level=info msg="Migration successfully executed" id="Add index for epoch_end" duration=591.208µs
app-grafana           | logger=migrator t=2026-09-18T04:59:46.748896544Z level=info msg="Executing migration" id="Make epoch_end the same as epoch"
app-grafana           | logger=migrator t=2026-09-18T04:59:46.749026211Z level=info msg="Migration successfully executed" id="Make epoch_end the same as epoch" duration=129.459µs
app-grafana           | logger=migrator t=2026-09-18T04:59:46.750566836Z level=info msg="Executing migration" id="Move region to single row"
app-grafana           | logger=migrator t=2026-09-18T04:59:46.750792419Z level=info msg="Migration successfully executed" id="Move region to single row" duration=217.667µs
app-grafana           | logger=migrator t=2026-09-18T04:59:46.752632294Z level=info msg="Executing migration" id="Remove index org_id_epoch from annotation table"
app-grafana           | logger=migrator t=2026-09-18T04:59:46.753170877Z level=info msg="Migration successfully executed" id="Remove index org_id_epoch from annotation table" duration=538.334µs
app-grafana           | logger=migrator t=2026-09-18T04:59:46.755271252Z level=info msg="Executing migration" id="Remove index org_id_dashboard_id_panel_id_epoch from annotation table"
app-grafana           | logger=migrator t=2026-09-18T04:59:46.755640336Z level=info msg="Migration successfully executed" id="Remove index org_id_dashboard_id_panel_id_epoch from annotation table" duration=374.667µs
app-grafana           | logger=migrator t=2026-09-18T04:59:46.757465586Z level=info msg="Executing migration" id="Add index for org_id_dashboard_id_epoch_end_epoch on annotation table"
app-grafana           | logger=migrator t=2026-09-18T04:59:46.757968669Z level=info msg="Migration successfully executed" id="Add index for org_id_dashboard_id_epoch_end_epoch on annotation table" duration=492.834µs
app-grafana           | logger=migrator t=2026-09-18T04:59:46.760232961Z level=info msg="Executing migration" id="Add index for org_id_epoch_end_epoch on annotation table"
app-grafana           | logger=migrator t=2026-09-18T04:59:46.760734961Z level=info msg="Migration successfully executed" id="Add index for org_id_epoch_end_epoch on annotation table" duration=502µs
app-grafana           | logger=migrator t=2026-09-18T04:59:46.762747877Z level=info msg="Executing migration" id="Remove index org_id_epoch_epoch_end from annotation table"
app-grafana           | logger=migrator t=2026-09-18T04:59:46.763215294Z level=info msg="Migration successfully executed" id="Remove index org_id_epoch_epoch_end from annotation table" duration=467.25µs
app-grafana           | logger=migrator t=2026-09-18T04:59:46.765916252Z level=info msg="Executing migration" id="Add index for alert_id on annotation table"
app-grafana           | logger=migrator t=2026-09-18T04:59:46.766458002Z level=info msg="Migration successfully executed" id="Add index for alert_id on annotation table" duration=554.916µs
app-grafana           | logger=migrator t=2026-09-18T04:59:46.768069044Z level=info msg="Executing migration" id="Increase tags column to length 4096"
app-grafana           | logger=migrator t=2026-09-18T04:59:46.768080336Z level=info msg="Migration successfully executed" id="Increase tags column to length 4096" duration=11.792µs
app-grafana           | logger=migrator t=2026-09-18T04:59:46.769944461Z level=info msg="Executing migration" id="Increase prev_state column to length 40 not null"
app-grafana           | logger=migrator t=2026-09-18T04:59:46.769966711Z level=info msg="Migration successfully executed" id="Increase prev_state column to length 40 not null" duration=13µs
app-grafana           | logger=migrator t=2026-09-18T04:59:46.772880086Z level=info msg="Executing migration" id="Increase new_state column to length 40 not null"
app-grafana           | logger=migrator t=2026-09-18T04:59:46.772894711Z level=info msg="Migration successfully executed" id="Increase new_state column to length 40 not null" duration=14µs
app-grafana           | logger=migrator t=2026-09-18T04:59:46.774964294Z level=info msg="Executing migration" id="Add dashboard_uid column to annotation table"
app-grafana           | logger=migrator t=2026-09-18T04:59:46.777444336Z level=info msg="Migration successfully executed" id="Add dashboard_uid column to annotation table" duration=2.476959ms
app-grafana           | logger=migrator t=2026-09-18T04:59:46.780128544Z level=info msg="Executing migration" id="Add missing dashboard_uid to annotation table"
app-grafana           | logger=migrator t=2026-09-18T04:59:46.780157127Z level=info msg="Starting batched dashboard_uid migration for annotations (newest first)" batchSize=5000
app-grafana           | logger=migrator t=2026-09-18T04:59:46.781456502Z level=info msg="Completed dashboard_uid migration for annotations" totalUpdated=0
app-grafana           | logger=migrator t=2026-09-18T04:59:46.781476961Z level=info msg="Migration successfully executed" id="Add missing dashboard_uid to annotation table" duration=1.351417ms
app-grafana           | logger=migrator t=2026-09-18T04:59:46.783769002Z level=info msg="Executing migration" id="create test_data table"
app-grafana           | logger=migrator t=2026-09-18T04:59:46.784216919Z level=info msg="Migration successfully executed" id="create test_data table" duration=447.75µs
app-grafana           | logger=migrator t=2026-09-18T04:59:46.785887044Z level=info msg="Executing migration" id="create dashboard_version table v1"
app-grafana           | logger=migrator t=2026-09-18T04:59:46.786255961Z level=info msg="Migration successfully executed" id="create dashboard_version table v1" duration=368.708µs
app-grafana           | logger=migrator t=2026-09-18T04:59:46.788631836Z level=info msg="Executing migration" id="add index dashboard_version.dashboard_id"
app-grafana           | logger=migrator t=2026-09-18T04:59:46.789258169Z level=info msg="Migration successfully executed" id="add index dashboard_version.dashboard_id" duration=626.5µs
app-grafana           | logger=migrator t=2026-09-18T04:59:46.791308794Z level=info msg="Executing migration" id="add unique index dashboard_version.dashboard_id and dashboard_version.version"
app-grafana           | logger=migrator t=2026-09-18T04:59:46.792181711Z level=info msg="Migration successfully executed" id="add unique index dashboard_version.dashboard_id and dashboard_version.version" duration=874.292µs
app-grafana           | logger=migrator t=2026-09-18T04:59:46.795018711Z level=info msg="Executing migration" id="Set dashboard version to 1 where 0"
app-grafana           | logger=migrator t=2026-09-18T04:59:46.795216961Z level=info msg="Migration successfully executed" id="Set dashboard version to 1 where 0" duration=198.959µs
app-grafana           | logger=migrator t=2026-09-18T04:59:46.798200336Z level=info msg="Executing migration" id="save existing dashboard data in dashboard_version table v1"
app-grafana           | logger=migrator t=2026-09-18T04:59:46.798439294Z level=info msg="Migration successfully executed" id="save existing dashboard data in dashboard_version table v1" duration=239.542µs
app-grafana           | logger=migrator t=2026-09-18T04:59:46.801098586Z level=info msg="Executing migration" id="alter dashboard_version.data to mediumtext v1"
app-grafana           | logger=migrator t=2026-09-18T04:59:46.801112961Z level=info msg="Migration successfully executed" id="alter dashboard_version.data to mediumtext v1" duration=19.084µs
app-grafana           | logger=migrator t=2026-09-18T04:59:46.802768044Z level=info msg="Executing migration" id="Add apiVersion for dashboard_version"
app-grafana           | logger=migrator t=2026-09-18T04:59:46.805331336Z level=info msg="Migration successfully executed" id="Add apiVersion for dashboard_version" duration=2.562917ms
app-grafana           | logger=migrator t=2026-09-18T04:59:46.806945044Z level=info msg="Executing migration" id="create team table"
app-grafana           | logger=migrator t=2026-09-18T04:59:46.807283919Z level=info msg="Migration successfully executed" id="create team table" duration=338.625µs
app-grafana           | logger=migrator t=2026-09-18T04:59:46.809766544Z level=info msg="Executing migration" id="add index team.org_id"
app-grafana           | logger=migrator t=2026-09-18T04:59:46.810203002Z level=info msg="Migration successfully executed" id="add index team.org_id" duration=436.375µs
app-grafana           | logger=migrator t=2026-09-18T04:59:46.811770294Z level=info msg="Executing migration" id="add unique index team_org_id_name"
app-grafana           | logger=migrator t=2026-09-18T04:59:46.812160836Z level=info msg="Migration successfully executed" id="add unique index team_org_id_name" duration=390.667µs
app-grafana           | logger=migrator t=2026-09-18T04:59:46.814558919Z level=info msg="Executing migration" id="Add column uid in team"
app-grafana           | logger=migrator t=2026-09-18T04:59:46.817199752Z level=info msg="Migration successfully executed" id="Add column uid in team" duration=2.640917ms
app-grafana           | logger=migrator t=2026-09-18T04:59:46.819056127Z level=info msg="Executing migration" id="Update uid column values in team"
app-grafana           | logger=migrator t=2026-09-18T04:59:46.819123044Z level=info msg="Migration successfully executed" id="Update uid column values in team" duration=67.333µs
app-grafana           | logger=migrator t=2026-09-18T04:59:46.820963211Z level=info msg="Executing migration" id="Add unique index team_org_id_uid"
app-grafana           | logger=migrator t=2026-09-18T04:59:46.821453919Z level=info msg="Migration successfully executed" id="Add unique index team_org_id_uid" duration=490.625µs
app-grafana           | logger=migrator t=2026-09-18T04:59:46.824230461Z level=info msg="Executing migration" id="Add column external_uid in team"
app-grafana           | logger=migrator t=2026-09-18T04:59:46.827151419Z level=info msg="Migration successfully executed" id="Add column external_uid in team" duration=2.922ms
app-grafana           | logger=migrator t=2026-09-18T04:59:46.828960669Z level=info msg="Executing migration" id="Add column is_provisioned in team"
app-grafana           | logger=migrator t=2026-09-18T04:59:46.831615127Z level=info msg="Migration successfully executed" id="Add column is_provisioned in team" duration=2.654167ms
app-grafana           | logger=migrator t=2026-09-18T04:59:46.833784752Z level=info msg="Executing migration" id="create team member table"
app-grafana           | logger=migrator t=2026-09-18T04:59:46.834230961Z level=info msg="Migration successfully executed" id="create team member table" duration=446.083µs
app-grafana           | logger=migrator t=2026-09-18T04:59:46.837042586Z level=info msg="Executing migration" id="add index team_member.org_id"
app-grafana           | logger=migrator t=2026-09-18T04:59:46.837644794Z level=info msg="Migration successfully executed" id="add index team_member.org_id" duration=595.375µs
app-grafana           | logger=migrator t=2026-09-18T04:59:46.841022211Z level=info msg="Executing migration" id="add unique index team_member_org_id_team_id_user_id"
app-grafana           | logger=migrator t=2026-09-18T04:59:46.841548502Z level=info msg="Migration successfully executed" id="add unique index team_member_org_id_team_id_user_id" duration=524.333µs
app-grafana           | logger=migrator t=2026-09-18T04:59:46.843403919Z level=info msg="Executing migration" id="add index team_member.team_id"
app-grafana           | logger=migrator t=2026-09-18T04:59:46.843894586Z level=info msg="Migration successfully executed" id="add index team_member.team_id" duration=490.333µs
app-grafana           | logger=migrator t=2026-09-18T04:59:46.845433419Z level=info msg="Executing migration" id="Add column email to team table"
app-grafana           | logger=migrator t=2026-09-18T04:59:46.848426086Z level=info msg="Migration successfully executed" id="Add column email to team table" duration=2.991792ms
app-grafana           | logger=migrator t=2026-09-18T04:59:46.850495586Z level=info msg="Executing migration" id="Add column external to team_member table"
app-grafana           | logger=migrator t=2026-09-18T04:59:46.853065836Z level=info msg="Migration successfully executed" id="Add column external to team_member table" duration=2.568833ms
app-grafana           | logger=migrator t=2026-09-18T04:59:46.854942544Z level=info msg="Executing migration" id="Add column permission to team_member table"
app-grafana           | logger=migrator t=2026-09-18T04:59:46.857344961Z level=info msg="Migration successfully executed" id="Add column permission to team_member table" duration=2.40225ms
app-grafana           | logger=migrator t=2026-09-18T04:59:46.858842544Z level=info msg="Executing migration" id="add unique index team_member_user_id_org_id"
app-grafana           | logger=migrator t=2026-09-18T04:59:46.859277294Z level=info msg="Migration successfully executed" id="add unique index team_member_user_id_org_id" duration=435.958µs
app-grafana           | logger=migrator t=2026-09-18T04:59:46.860994752Z level=info msg="Executing migration" id="Add column uid in team_member"
app-grafana           | logger=migrator t=2026-09-18T04:59:46.863430919Z level=info msg="Migration successfully executed" id="Add column uid in team_member" duration=2.435542ms
app-grafana           | logger=migrator t=2026-09-18T04:59:46.865095127Z level=info msg="Executing migration" id="Update uid column values in team_member"
app-grafana           | logger=migrator t=2026-09-18T04:59:46.865281919Z level=info msg="Migration successfully executed" id="Update uid column values in team_member" duration=185.791µs
app-grafana           | logger=migrator t=2026-09-18T04:59:46.867513669Z level=info msg="Executing migration" id="Add unique index team_member_uid"
app-grafana           | logger=migrator t=2026-09-18T04:59:46.867933461Z level=info msg="Migration successfully executed" id="Add unique index team_member_uid" duration=419.709µs
app-grafana           | logger=migrator t=2026-09-18T04:59:46.870434836Z level=info msg="Executing migration" id="create dashboard acl table"
app-grafana           | logger=migrator t=2026-09-18T04:59:46.870882169Z level=info msg="Migration successfully executed" id="create dashboard acl table" duration=447.792µs
app-grafana           | logger=migrator t=2026-09-18T04:59:46.872427794Z level=info msg="Executing migration" id="add index dashboard_acl_dashboard_id"
app-grafana           | logger=migrator t=2026-09-18T04:59:46.872938419Z level=info msg="Migration successfully executed" id="add index dashboard_acl_dashboard_id" duration=511.208µs
app-grafana           | logger=migrator t=2026-09-18T04:59:46.874930877Z level=info msg="Executing migration" id="add unique index dashboard_acl_dashboard_id_user_id"
app-grafana           | logger=migrator t=2026-09-18T04:59:46.875353211Z level=info msg="Migration successfully executed" id="add unique index dashboard_acl_dashboard_id_user_id" duration=422.583µs
app-grafana           | logger=migrator t=2026-09-18T04:59:46.876973669Z level=info msg="Executing migration" id="add unique index dashboard_acl_dashboard_id_team_id"
app-grafana           | logger=migrator t=2026-09-18T04:59:46.877496086Z level=info msg="Migration successfully executed" id="add unique index dashboard_acl_dashboard_id_team_id" duration=523.125µs
app-grafana           | logger=migrator t=2026-09-18T04:59:46.879880336Z level=info msg="Executing migration" id="add index dashboard_acl_user_id"
app-grafana           | logger=migrator t=2026-09-18T04:59:46.880675502Z level=info msg="Migration successfully executed" id="add index dashboard_acl_user_id" duration=795.709µs
app-grafana           | logger=migrator t=2026-09-18T04:59:46.883862044Z level=info msg="Executing migration" id="add index dashboard_acl_team_id"
app-grafana           | logger=migrator t=2026-09-18T04:59:46.884714586Z level=info msg="Migration successfully executed" id="add index dashboard_acl_team_id" duration=855.916µs
app-grafana           | logger=migrator t=2026-09-18T04:59:46.886914836Z level=info msg="Executing migration" id="add index dashboard_acl_org_id_role"
app-grafana           | logger=migrator t=2026-09-18T04:59:46.887715669Z level=info msg="Migration successfully executed" id="add index dashboard_acl_org_id_role" duration=796.875µs
app-grafana           | logger=migrator t=2026-09-18T04:59:46.890913961Z level=info msg="Executing migration" id="add index dashboard_permission"
app-grafana           | logger=migrator t=2026-09-18T04:59:46.891868294Z level=info msg="Migration successfully executed" id="add index dashboard_permission" duration=946.459µs
app-grafana           | logger=migrator t=2026-09-18T04:59:46.895897044Z level=info msg="Executing migration" id="save default acl rules in dashboard_acl table"
app-grafana           | logger=migrator t=2026-09-18T04:59:46.896496127Z level=info msg="Migration successfully executed" id="save default acl rules in dashboard_acl table" duration=584.625µs
app-grafana           | logger=migrator t=2026-09-18T04:59:46.898844294Z level=info msg="Executing migration" id="delete acl rules for deleted dashboards and folders"
app-grafana           | logger=migrator t=2026-09-18T04:59:46.899056961Z level=info msg="Migration successfully executed" id="delete acl rules for deleted dashboards and folders" duration=214.333µs
app-grafana           | logger=migrator t=2026-09-18T04:59:46.901433419Z level=info msg="Executing migration" id="create tag table"
app-grafana           | logger=migrator t=2026-09-18T04:59:46.901926711Z level=info msg="Migration successfully executed" id="create tag table" duration=494.042µs
app-grafana           | logger=migrator t=2026-09-18T04:59:46.903648169Z level=info msg="Executing migration" id="add index tag.key_value"
app-grafana           | logger=migrator t=2026-09-18T04:59:46.904138461Z level=info msg="Migration successfully executed" id="add index tag.key_value" duration=490.375µs
app-grafana           | logger=migrator t=2026-09-18T04:59:46.906208336Z level=info msg="Executing migration" id="create login attempt table"
app-grafana           | logger=migrator t=2026-09-18T04:59:46.906648877Z level=info msg="Migration successfully executed" id="create login attempt table" duration=440.542µs
app-grafana           | logger=migrator t=2026-09-18T04:59:46.908498252Z level=info msg="Executing migration" id="add index login_attempt.username"
app-grafana           | logger=migrator t=2026-09-18T04:59:46.909026336Z level=info msg="Migration successfully executed" id="add index login_attempt.username" duration=527.917µs
app-grafana           | logger=migrator t=2026-09-18T04:59:46.910410502Z level=info msg="Executing migration" id="drop index IDX_login_attempt_username - v1"
app-grafana           | logger=migrator t=2026-09-18T04:59:46.910966794Z level=info msg="Migration successfully executed" id="drop index IDX_login_attempt_username - v1" duration=555.958µs
app-grafana           | logger=migrator t=2026-09-18T04:59:46.912353586Z level=info msg="Executing migration" id="Rename table login_attempt to login_attempt_tmp_qwerty - v1"
app-grafana           | logger=migrator t=2026-09-18T04:59:46.920744669Z level=info msg="Migration successfully executed" id="Rename table login_attempt to login_attempt_tmp_qwerty - v1" duration=8.385333ms
app-grafana           | logger=migrator t=2026-09-18T04:59:46.928802836Z level=info msg="Executing migration" id="create login_attempt v2"
app-grafana           | logger=migrator t=2026-09-18T04:59:46.929761211Z level=info msg="Migration successfully executed" id="create login_attempt v2" duration=958.708µs
app-grafana           | logger=migrator t=2026-09-18T04:59:46.932568752Z level=info msg="Executing migration" id="create index IDX_login_attempt_username - v2"
app-grafana           | logger=migrator t=2026-09-18T04:59:46.933292669Z level=info msg="Migration successfully executed" id="create index IDX_login_attempt_username - v2" duration=724.458µs
app-grafana           | logger=migrator t=2026-09-18T04:59:46.936464502Z level=info msg="Executing migration" id="copy login_attempt v1 to v2"
app-grafana           | logger=migrator t=2026-09-18T04:59:46.936661169Z level=info msg="Migration successfully executed" id="copy login_attempt v1 to v2" duration=197.083µs
app-grafana           | logger=migrator t=2026-09-18T04:59:46.938361086Z level=info msg="Executing migration" id="drop login_attempt_tmp_qwerty"
app-grafana           | logger=migrator t=2026-09-18T04:59:46.938904711Z level=info msg="Migration successfully executed" id="drop login_attempt_tmp_qwerty" duration=543.375µs
app-grafana           | logger=migrator t=2026-09-18T04:59:46.940143003Z level=info msg="Executing migration" id="increase login_attempt.ip_address column length for IPv6 support"
app-grafana           | logger=migrator t=2026-09-18T04:59:46.940155086Z level=info msg="Migration successfully executed" id="increase login_attempt.ip_address column length for IPv6 support" duration=11.291µs
app-grafana           | logger=migrator t=2026-09-18T04:59:46.941775086Z level=info msg="Executing migration" id="alter table login_attempt alter column created type to bigint"
app-grafana           | logger=migrator t=2026-09-18T04:59:46.941788586Z level=info msg="Migration successfully executed" id="alter table login_attempt alter column created type to bigint" duration=14.042µs
app-grafana           | logger=migrator t=2026-09-18T04:59:46.943258544Z level=info msg="Executing migration" id="create user auth table"
app-grafana           | logger=migrator t=2026-09-18T04:59:46.943706253Z level=info msg="Migration successfully executed" id="create user auth table" duration=447.875µs
app-grafana           | logger=migrator t=2026-09-18T04:59:46.945929669Z level=info msg="Executing migration" id="create index IDX_user_auth_auth_module_auth_id - v1"
app-grafana           | logger=migrator t=2026-09-18T04:59:46.946627919Z level=info msg="Migration successfully executed" id="create index IDX_user_auth_auth_module_auth_id - v1" duration=690.25µs
app-grafana           | logger=migrator t=2026-09-18T04:59:46.948564669Z level=info msg="Executing migration" id="alter user_auth.auth_id to length 190"
app-grafana           | logger=migrator t=2026-09-18T04:59:46.948584794Z level=info msg="Migration successfully executed" id="alter user_auth.auth_id to length 190" duration=20.375µs
app-grafana           | logger=migrator t=2026-09-18T04:59:46.949931294Z level=info msg="Executing migration" id="Add OAuth access token to user_auth"
app-grafana           | logger=migrator t=2026-09-18T04:59:46.953049086Z level=info msg="Migration successfully executed" id="Add OAuth access token to user_auth" duration=3.119417ms
app-grafana           | logger=migrator t=2026-09-18T04:59:46.954424586Z level=info msg="Executing migration" id="Add OAuth refresh token to user_auth"
app-grafana           | logger=migrator t=2026-09-18T04:59:46.957136169Z level=info msg="Migration successfully executed" id="Add OAuth refresh token to user_auth" duration=2.711667ms
app-grafana           | logger=migrator t=2026-09-18T04:59:46.958475003Z level=info msg="Executing migration" id="Add OAuth token type to user_auth"
app-grafana           | logger=migrator t=2026-09-18T04:59:46.960986211Z level=info msg="Migration successfully executed" id="Add OAuth token type to user_auth" duration=2.511084ms
app-grafana           | logger=migrator t=2026-09-18T04:59:46.962401253Z level=info msg="Executing migration" id="Add OAuth expiry to user_auth"
app-grafana           | logger=migrator t=2026-09-18T04:59:46.965325544Z level=info msg="Migration successfully executed" id="Add OAuth expiry to user_auth" duration=2.914875ms
app-grafana           | logger=migrator t=2026-09-18T04:59:46.967164544Z level=info msg="Executing migration" id="Add index to user_id column in user_auth"
app-grafana           | logger=migrator t=2026-09-18T04:59:46.967684836Z level=info msg="Migration successfully executed" id="Add index to user_id column in user_auth" duration=520.291µs
app-grafana           | logger=migrator t=2026-09-18T04:59:46.969623378Z level=info msg="Executing migration" id="Add OAuth ID token to user_auth"
app-grafana           | logger=migrator t=2026-09-18T04:59:46.972352836Z level=info msg="Migration successfully executed" id="Add OAuth ID token to user_auth" duration=2.729375ms
app-grafana           | logger=migrator t=2026-09-18T04:59:46.974322003Z level=info msg="Executing migration" id="Add user_unique_id to user_auth"
app-grafana           | logger=migrator t=2026-09-18T04:59:46.977221336Z level=info msg="Migration successfully executed" id="Add user_unique_id to user_auth" duration=2.899084ms
app-grafana           | logger=migrator t=2026-09-18T04:59:46.979182919Z level=info msg="Executing migration" id="create server_lock table"
app-grafana           | logger=migrator t=2026-09-18T04:59:46.979694711Z level=info msg="Migration successfully executed" id="create server_lock table" duration=510.833µs
app-grafana           | logger=migrator t=2026-09-18T04:59:46.981487961Z level=info msg="Executing migration" id="add index server_lock.operation_uid"
app-grafana           | logger=migrator t=2026-09-18T04:59:46.982168711Z level=info msg="Migration successfully executed" id="add index server_lock.operation_uid" duration=680.417µs
app-grafana           | logger=migrator t=2026-09-18T04:59:46.983971086Z level=info msg="Executing migration" id="create user auth token table"
app-grafana           | logger=migrator t=2026-09-18T04:59:46.984510378Z level=info msg="Migration successfully executed" id="create user auth token table" duration=545.209µs
app-grafana           | logger=migrator t=2026-09-18T04:59:46.986256086Z level=info msg="Executing migration" id="add unique index user_auth_token.auth_token"
app-grafana           | logger=migrator t=2026-09-18T04:59:46.986836669Z level=info msg="Migration successfully executed" id="add unique index user_auth_token.auth_token" duration=580.416µs
app-grafana           | logger=migrator t=2026-09-18T04:59:46.988425836Z level=info msg="Executing migration" id="add unique index user_auth_token.prev_auth_token"
app-grafana           | logger=migrator t=2026-09-18T04:59:46.989079253Z level=info msg="Migration successfully executed" id="add unique index user_auth_token.prev_auth_token" duration=655.125µs
app-grafana           | logger=migrator t=2026-09-18T04:59:46.991052586Z level=info msg="Executing migration" id="add index user_auth_token.user_id"
app-grafana           | logger=migrator t=2026-09-18T04:59:46.991673253Z level=info msg="Migration successfully executed" id="add index user_auth_token.user_id" duration=620.542µs
app-grafana           | logger=migrator t=2026-09-18T04:59:46.994087128Z level=info msg="Executing migration" id="Add revoked_at to the user auth token"
app-grafana           | logger=migrator t=2026-09-18T04:59:46.997269669Z level=info msg="Migration successfully executed" id="Add revoked_at to the user auth token" duration=3.181958ms
app-grafana           | logger=migrator t=2026-09-18T04:59:46.999912919Z level=info msg="Executing migration" id="add index user_auth_token.revoked_at"
app-grafana           | logger=migrator t=2026-09-18T04:59:47.000523294Z level=info msg="Migration successfully executed" id="add index user_auth_token.revoked_at" duration=610.417µs
app-grafana           | logger=migrator t=2026-09-18T04:59:47.002654544Z level=info msg="Executing migration" id="add external_session_id to user_auth_token"
app-grafana           | logger=migrator t=2026-09-18T04:59:47.005722044Z level=info msg="Migration successfully executed" id="add external_session_id to user_auth_token" duration=3.061959ms
app-grafana           | logger=migrator t=2026-09-18T04:59:47.007437544Z level=info msg="Executing migration" id="create cache_data table"
app-grafana           | logger=migrator t=2026-09-18T04:59:47.007916419Z level=info msg="Migration successfully executed" id="create cache_data table" duration=477.917µs
app-grafana           | logger=migrator t=2026-09-18T04:59:47.009776878Z level=info msg="Executing migration" id="add unique index cache_data.cache_key"
app-grafana           | logger=migrator t=2026-09-18T04:59:47.010366503Z level=info msg="Migration successfully executed" id="add unique index cache_data.cache_key" duration=590.542µs
app-grafana           | logger=migrator t=2026-09-18T04:59:47.012471086Z level=info msg="Executing migration" id="create short_url table v1"
app-grafana           | logger=migrator t=2026-09-18T04:59:47.013013586Z level=info msg="Migration successfully executed" id="create short_url table v1" duration=541.583µs
app-grafana           | logger=migrator t=2026-09-18T04:59:47.015135419Z level=info msg="Executing migration" id="add index short_url.org_id-uid"
app-grafana           | logger=migrator t=2026-09-18T04:59:47.016142669Z level=info msg="Migration successfully executed" id="add index short_url.org_id-uid" duration=1.005292ms
app-grafana           | logger=migrator t=2026-09-18T04:59:47.018072086Z level=info msg="Executing migration" id="alter table short_url alter column created_by type to bigint"
app-grafana           | logger=migrator t=2026-09-18T04:59:47.018087878Z level=info msg="Migration successfully executed" id="alter table short_url alter column created_by type to bigint" duration=28.75µs
app-grafana           | logger=migrator t=2026-09-18T04:59:47.019351086Z level=info msg="Executing migration" id="delete alert_definition table"
app-grafana           | logger=migrator t=2026-09-18T04:59:47.019391836Z level=info msg="Migration successfully executed" id="delete alert_definition table" duration=41.083µs
app-grafana           | logger=migrator t=2026-09-18T04:59:47.021137378Z level=info msg="Executing migration" id="recreate alert_definition table"
app-grafana           | logger=migrator t=2026-09-18T04:59:47.021731211Z level=info msg="Migration successfully executed" id="recreate alert_definition table" duration=593.75µs
app-grafana           | logger=migrator t=2026-09-18T04:59:47.023225086Z level=info msg="Executing migration" id="add index in alert_definition on org_id and title columns"
app-grafana           | logger=migrator t=2026-09-18T04:59:47.023879836Z level=info msg="Migration successfully executed" id="add index in alert_definition on org_id and title columns" duration=647.916µs
app-grafana           | logger=migrator t=2026-09-18T04:59:47.026354253Z level=info msg="Executing migration" id="add index in alert_definition on org_id and uid columns"
app-grafana           | logger=migrator t=2026-09-18T04:59:47.027347461Z level=info msg="Migration successfully executed" id="add index in alert_definition on org_id and uid columns" duration=993.833µs
app-grafana           | logger=migrator t=2026-09-18T04:59:47.029308169Z level=info msg="Executing migration" id="alter alert_definition table data column to mediumtext in mysql"
app-grafana           | logger=migrator t=2026-09-18T04:59:47.029321836Z level=info msg="Migration successfully executed" id="alter alert_definition table data column to mediumtext in mysql" duration=14.708µs
app-grafana           | logger=migrator t=2026-09-18T04:59:47.030991336Z level=info msg="Executing migration" id="drop index in alert_definition on org_id and title columns"
app-grafana           | logger=migrator t=2026-09-18T04:59:47.033079503Z level=info msg="Migration successfully executed" id="drop index in alert_definition on org_id and title columns" duration=2.084333ms
app-grafana           | logger=migrator t=2026-09-18T04:59:47.034918961Z level=info msg="Executing migration" id="drop index in alert_definition on org_id and uid columns"
app-grafana           | logger=migrator t=2026-09-18T04:59:47.035535378Z level=info msg="Migration successfully executed" id="drop index in alert_definition on org_id and uid columns" duration=599.75µs
app-grafana           | logger=migrator t=2026-09-18T04:59:47.037156086Z level=info msg="Executing migration" id="add unique index in alert_definition on org_id and title columns"
app-grafana           | logger=migrator t=2026-09-18T04:59:47.037756586Z level=info msg="Migration successfully executed" id="add unique index in alert_definition on org_id and title columns" duration=600.334µs
app-grafana           | logger=migrator t=2026-09-18T04:59:47.039835461Z level=info msg="Executing migration" id="add unique index in alert_definition on org_id and uid columns"
app-grafana           | logger=migrator t=2026-09-18T04:59:47.040361086Z level=info msg="Migration successfully executed" id="add unique index in alert_definition on org_id and uid columns" duration=525.334µs
app-grafana           | logger=migrator t=2026-09-18T04:59:47.042087544Z level=info msg="Executing migration" id="Add column paused in alert_definition"
app-grafana           | logger=migrator t=2026-09-18T04:59:47.045590836Z level=info msg="Migration successfully executed" id="Add column paused in alert_definition" duration=3.502209ms
app-grafana           | logger=migrator t=2026-09-18T04:59:47.047920544Z level=info msg="Executing migration" id="drop alert_definition table"
app-grafana           | logger=migrator t=2026-09-18T04:59:47.048542419Z level=info msg="Migration successfully executed" id="drop alert_definition table" duration=622.416µs
app-grafana           | logger=migrator t=2026-09-18T04:59:47.051153461Z level=info msg="Executing migration" id="delete alert_definition_version table"
app-grafana           | logger=migrator t=2026-09-18T04:59:47.051213378Z level=info msg="Migration successfully executed" id="delete alert_definition_version table" duration=60.791µs
app-grafana           | logger=migrator t=2026-09-18T04:59:47.053276461Z level=info msg="Executing migration" id="recreate alert_definition_version table"
app-grafana           | logger=migrator t=2026-09-18T04:59:47.054551044Z level=info msg="Migration successfully executed" id="recreate alert_definition_version table" duration=1.264ms
app-grafana           | logger=migrator t=2026-09-18T04:59:47.056881003Z level=info msg="Executing migration" id="add index in alert_definition_version table on alert_definition_id and version columns"
app-grafana           | logger=migrator t=2026-09-18T04:59:47.057958211Z level=info msg="Migration successfully executed" id="add index in alert_definition_version table on alert_definition_id and version columns" duration=1.078459ms
app-grafana           | logger=migrator t=2026-09-18T04:59:47.059841919Z level=info msg="Executing migration" id="add index in alert_definition_version table on alert_definition_uid and version columns"
app-grafana           | logger=migrator t=2026-09-18T04:59:47.061015503Z level=info msg="Migration successfully executed" id="add index in alert_definition_version table on alert_definition_uid and version columns" duration=1.174333ms
app-grafana           | logger=migrator t=2026-09-18T04:59:47.064203044Z level=info msg="Executing migration" id="alter alert_definition_version table data column to mediumtext in mysql"
app-grafana           | logger=migrator t=2026-09-18T04:59:47.064299169Z level=info msg="Migration successfully executed" id="alter alert_definition_version table data column to mediumtext in mysql" duration=87µs
app-grafana           | logger=migrator t=2026-09-18T04:59:47.066879919Z level=info msg="Executing migration" id="drop alert_definition_version table"
app-grafana           | logger=migrator t=2026-09-18T04:59:47.067907878Z level=info msg="Migration successfully executed" id="drop alert_definition_version table" duration=1.027625ms
app-grafana           | logger=migrator t=2026-09-18T04:59:47.069960419Z level=info msg="Executing migration" id="create alert_instance table"
app-grafana           | logger=migrator t=2026-09-18T04:59:47.070961836Z level=info msg="Migration successfully executed" id="create alert_instance table" duration=1.001083ms
app-grafana           | logger=migrator t=2026-09-18T04:59:47.074601878Z level=info msg="Executing migration" id="add index in alert_instance table on def_org_id, def_uid and current_state columns"
app-grafana           | logger=migrator t=2026-09-18T04:59:47.075989628Z level=info msg="Migration successfully executed" id="add index in alert_instance table on def_org_id, def_uid and current_state columns" duration=1.387875ms
app-grafana           | logger=migrator t=2026-09-18T04:59:47.078583128Z level=info msg="Executing migration" id="add index in alert_instance table on def_org_id, current_state columns"
app-grafana           | logger=migrator t=2026-09-18T04:59:47.079808544Z level=info msg="Migration successfully executed" id="add index in alert_instance table on def_org_id, current_state columns" duration=1.225541ms
app-grafana           | logger=migrator t=2026-09-18T04:59:47.082484419Z level=info msg="Executing migration" id="add column current_state_end to alert_instance"
app-grafana           | logger=migrator t=2026-09-18T04:59:47.087753836Z level=info msg="Migration successfully executed" id="add column current_state_end to alert_instance" duration=5.2675ms
app-grafana           | logger=migrator t=2026-09-18T04:59:47.089736919Z level=info msg="Executing migration" id="remove index def_org_id, def_uid, current_state on alert_instance"
app-grafana           | logger=migrator t=2026-09-18T04:59:47.090486544Z level=info msg="Migration successfully executed" id="remove index def_org_id, def_uid, current_state on alert_instance" duration=750.167µs
app-grafana           | logger=migrator t=2026-09-18T04:59:47.092417086Z level=info msg="Executing migration" id="remove index def_org_id, current_state on alert_instance"
app-grafana           | logger=migrator t=2026-09-18T04:59:47.093303336Z level=info msg="Migration successfully executed" id="remove index def_org_id, current_state on alert_instance" duration=886.458µs
app-grafana           | logger=migrator t=2026-09-18T04:59:47.095384211Z level=info msg="Executing migration" id="rename def_org_id to rule_org_id in alert_instance"
app-grafana           | logger=migrator t=2026-09-18T04:59:47.112293086Z level=info msg="Migration successfully executed" id="rename def_org_id to rule_org_id in alert_instance" duration=16.897375ms
app-grafana           | logger=migrator t=2026-09-18T04:59:47.115200294Z level=info msg="Executing migration" id="rename def_uid to rule_uid in alert_instance"
app-grafana           | logger=migrator t=2026-09-18T04:59:47.135614878Z level=info msg="Migration successfully executed" id="rename def_uid to rule_uid in alert_instance" duration=20.409042ms
app-grafana           | logger=migrator t=2026-09-18T04:59:47.139766044Z level=info msg="Executing migration" id="add index rule_org_id, rule_uid, current_state on alert_instance"
app-grafana           | logger=migrator t=2026-09-18T04:59:47.141694128Z level=info msg="Migration successfully executed" id="add index rule_org_id, rule_uid, current_state on alert_instance" duration=1.924375ms
app-grafana           | logger=migrator t=2026-09-18T04:59:47.145023878Z level=info msg="Executing migration" id="add index rule_org_id, current_state on alert_instance"
app-grafana           | logger=migrator t=2026-09-18T04:59:47.146496169Z level=info msg="Migration successfully executed" id="add index rule_org_id, current_state on alert_instance" duration=1.472ms
app-grafana           | logger=migrator t=2026-09-18T04:59:47.151214628Z level=info msg="Executing migration" id="add current_reason column related to current_state"
app-grafana           | logger=migrator t=2026-09-18T04:59:47.159357461Z level=info msg="Migration successfully executed" id="add current_reason column related to current_state" duration=8.139125ms
app-grafana           | logger=migrator t=2026-09-18T04:59:47.171429503Z level=info msg="Executing migration" id="add result_fingerprint column to alert_instance"
app-grafana           | logger=migrator t=2026-09-18T04:59:47.177662503Z level=info msg="Migration successfully executed" id="add result_fingerprint column to alert_instance" duration=6.23275ms
app-grafana           | logger=migrator t=2026-09-18T04:59:47.180062753Z level=info msg="Executing migration" id="create alert_rule table"
app-grafana           | logger=migrator t=2026-09-18T04:59:47.181292336Z level=info msg="Migration successfully executed" id="create alert_rule table" duration=1.226958ms
app-grafana           | logger=migrator t=2026-09-18T04:59:47.184055044Z level=info msg="Executing migration" id="add index in alert_rule on org_id and title columns"
app-grafana           | logger=migrator t=2026-09-18T04:59:47.184987919Z level=info msg="Migration successfully executed" id="add index in alert_rule on org_id and title columns" duration=931.833µs
app-grafana           | logger=migrator t=2026-09-18T04:59:47.187091378Z level=info msg="Executing migration" id="add index in alert_rule on org_id and uid columns"
app-grafana           | logger=migrator t=2026-09-18T04:59:47.187753378Z level=info msg="Migration successfully executed" id="add index in alert_rule on org_id and uid columns" duration=661.25µs
app-grafana           | logger=migrator t=2026-09-18T04:59:47.190022378Z level=info msg="Executing migration" id="add index in alert_rule on org_id, namespace_uid, group_uid columns"
app-grafana           | logger=migrator t=2026-09-18T04:59:47.190797628Z level=info msg="Migration successfully executed" id="add index in alert_rule on org_id, namespace_uid, group_uid columns" duration=775.458µs
app-grafana           | logger=migrator t=2026-09-18T04:59:47.193185878Z level=info msg="Executing migration" id="alter alert_rule table data column to mediumtext in mysql"
app-grafana           | logger=migrator t=2026-09-18T04:59:47.193221378Z level=info msg="Migration successfully executed" id="alter alert_rule table data column to mediumtext in mysql" duration=38.958µs
app-grafana           | logger=migrator t=2026-09-18T04:59:47.194765836Z level=info msg="Executing migration" id="add column for to alert_rule"
app-grafana           | logger=migrator t=2026-09-18T04:59:47.199212294Z level=info msg="Migration successfully executed" id="add column for to alert_rule" duration=4.443417ms
app-grafana           | logger=migrator t=2026-09-18T04:59:47.202728419Z level=info msg="Executing migration" id="add column annotations to alert_rule"
app-grafana           | logger=migrator t=2026-09-18T04:59:47.206294669Z level=info msg="Migration successfully executed" id="add column annotations to alert_rule" duration=3.566542ms
app-grafana           | logger=migrator t=2026-09-18T04:59:47.207665378Z level=info msg="Executing migration" id="add column labels to alert_rule"
app-grafana           | logger=migrator t=2026-09-18T04:59:47.210943294Z level=info msg="Migration successfully executed" id="add column labels to alert_rule" duration=3.277625ms
app-grafana           | logger=migrator t=2026-09-18T04:59:47.212691753Z level=info msg="Executing migration" id="remove unique index from alert_rule on org_id, title columns"
app-grafana           | logger=migrator t=2026-09-18T04:59:47.213179544Z level=info msg="Migration successfully executed" id="remove unique index from alert_rule on org_id, title columns" duration=492.833µs
app-grafana           | logger=migrator t=2026-09-18T04:59:47.215020586Z level=info msg="Executing migration" id="add index in alert_rule on org_id, namespase_uid and title columns"
app-grafana           | logger=migrator t=2026-09-18T04:59:47.215923003Z level=info msg="Migration successfully executed" id="add index in alert_rule on org_id, namespase_uid and title columns" duration=902.291µs
app-grafana           | logger=migrator t=2026-09-18T04:59:47.217487794Z level=info msg="Executing migration" id="add dashboard_uid column to alert_rule"
app-grafana           | logger=migrator t=2026-09-18T04:59:47.221252253Z level=info msg="Migration successfully executed" id="add dashboard_uid column to alert_rule" duration=3.764042ms
app-grafana           | logger=migrator t=2026-09-18T04:59:47.223070003Z level=info msg="Executing migration" id="add panel_id column to alert_rule"
app-grafana           | logger=migrator t=2026-09-18T04:59:47.227049044Z level=info msg="Migration successfully executed" id="add panel_id column to alert_rule" duration=3.973666ms
app-grafana           | logger=migrator t=2026-09-18T04:59:47.229283628Z level=info msg="Executing migration" id="add index in alert_rule on org_id, dashboard_uid and panel_id columns"
app-grafana           | logger=migrator t=2026-09-18T04:59:47.229987169Z level=info msg="Migration successfully executed" id="add index in alert_rule on org_id, dashboard_uid and panel_id columns" duration=695.084µs
app-grafana           | logger=migrator t=2026-09-18T04:59:47.231976878Z level=info msg="Executing migration" id="add rule_group_idx column to alert_rule"
app-grafana           | logger=migrator t=2026-09-18T04:59:47.236342753Z level=info msg="Migration successfully executed" id="add rule_group_idx column to alert_rule" duration=4.364292ms
app-grafana           | logger=migrator t=2026-09-18T04:59:47.238523294Z level=info msg="Executing migration" id="add is_paused column to alert_rule table"
app-grafana           | logger=migrator t=2026-09-18T04:59:47.242361961Z level=info msg="Migration successfully executed" id="add is_paused column to alert_rule table" duration=3.837875ms
app-grafana           | logger=migrator t=2026-09-18T04:59:47.243997378Z level=info msg="Executing migration" id="fix is_paused column for alert_rule table"
app-grafana           | logger=migrator t=2026-09-18T04:59:47.244008878Z level=info msg="Migration successfully executed" id="fix is_paused column for alert_rule table" duration=11.959µs
app-grafana           | logger=migrator t=2026-09-18T04:59:47.246200044Z level=info msg="Executing migration" id="alter table alert_rule alter column rule_group_idx type to bigint"
app-grafana           | logger=migrator t=2026-09-18T04:59:47.246210878Z level=info msg="Migration successfully executed" id="alter table alert_rule alter column rule_group_idx type to bigint" duration=11.291µs
app-grafana           | logger=migrator t=2026-09-18T04:59:47.247583003Z level=info msg="Executing migration" id="create alert_rule_version table"
app-grafana           | logger=migrator t=2026-09-18T04:59:47.248166336Z level=info msg="Migration successfully executed" id="create alert_rule_version table" duration=583.208µs
app-grafana           | logger=migrator t=2026-09-18T04:59:47.249979711Z level=info msg="Executing migration" id="add index in alert_rule_version table on rule_org_id, rule_uid and version columns"
app-grafana           | logger=migrator t=2026-09-18T04:59:47.250485628Z level=info msg="Migration successfully executed" id="add index in alert_rule_version table on rule_org_id, rule_uid and version columns" duration=505.917µs
app-grafana           | logger=migrator t=2026-09-18T04:59:47.252128836Z level=info msg="Executing migration" id="add index in alert_rule_version table on rule_org_id, rule_namespace_uid and rule_group columns"
app-grafana           | logger=migrator t=2026-09-18T04:59:47.252683711Z level=info msg="Migration successfully executed" id="add index in alert_rule_version table on rule_org_id, rule_namespace_uid and rule_group columns" duration=554.625µs
app-grafana           | logger=migrator t=2026-09-18T04:59:47.254287336Z level=info msg="Executing migration" id="alter alert_rule_version table data column to mediumtext in mysql"
app-grafana           | logger=migrator t=2026-09-18T04:59:47.254302794Z level=info msg="Migration successfully executed" id="alter alert_rule_version table data column to mediumtext in mysql" duration=16.083µs
app-grafana           | logger=migrator t=2026-09-18T04:59:47.257540419Z level=info msg="Executing migration" id="add column for to alert_rule_version"
app-grafana           | logger=migrator t=2026-09-18T04:59:47.260947794Z level=info msg="Migration successfully executed" id="add column for to alert_rule_version" duration=3.406917ms
app-grafana           | logger=migrator t=2026-09-18T04:59:47.263155628Z level=info msg="Executing migration" id="add column annotations to alert_rule_version"
app-grafana           | logger=migrator t=2026-09-18T04:59:47.266937253Z level=info msg="Migration successfully executed" id="add column annotations to alert_rule_version" duration=3.781167ms
app-grafana           | logger=migrator t=2026-09-18T04:59:47.269236003Z level=info msg="Executing migration" id="add column labels to alert_rule_version"
app-grafana           | logger=migrator t=2026-09-18T04:59:47.273316628Z level=info msg="Migration successfully executed" id="add column labels to alert_rule_version" duration=4.080541ms
app-grafana           | logger=migrator t=2026-09-18T04:59:47.275634711Z level=info msg="Executing migration" id="add rule_group_idx column to alert_rule_version"
app-grafana           | logger=migrator t=2026-09-18T04:59:47.279365211Z level=info msg="Migration successfully executed" id="add rule_group_idx column to alert_rule_version" duration=3.735208ms
app-grafana           | logger=migrator t=2026-09-18T04:59:47.281745336Z level=info msg="Executing migration" id="add is_paused column to alert_rule_versions table"
app-grafana           | logger=migrator t=2026-09-18T04:59:47.285809336Z level=info msg="Migration successfully executed" id="add is_paused column to alert_rule_versions table" duration=4.063459ms
app-grafana           | logger=migrator t=2026-09-18T04:59:47.287804794Z level=info msg="Executing migration" id="fix is_paused column for alert_rule_version table"
app-grafana           | logger=migrator t=2026-09-18T04:59:47.287816628Z level=info msg="Migration successfully executed" id="fix is_paused column for alert_rule_version table" duration=12.667µs
app-grafana           | logger=migrator t=2026-09-18T04:59:47.289799836Z level=info msg="Executing migration" id="alter table alert_rule_version alter column rule_group_idx type to bigint"
app-grafana           | logger=migrator t=2026-09-18T04:59:47.289836836Z level=info msg="Migration successfully executed" id="alter table alert_rule_version alter column rule_group_idx type to bigint" duration=38.75µs
app-grafana           | logger=migrator t=2026-09-18T04:59:47.291916086Z level=info msg="Executing migration" id=create_alert_configuration_table
app-grafana           | logger=migrator t=2026-09-18T04:59:47.292506086Z level=info msg="Migration successfully executed" id=create_alert_configuration_table duration=589.833µs
app-grafana           | logger=migrator t=2026-09-18T04:59:47.294857003Z level=info msg="Executing migration" id="Add column default in alert_configuration"
app-grafana           | logger=migrator t=2026-09-18T04:59:47.298868003Z level=info msg="Migration successfully executed" id="Add column default in alert_configuration" duration=4.010583ms
app-grafana           | logger=migrator t=2026-09-18T04:59:47.300825211Z level=info msg="Executing migration" id="alert alert_configuration alertmanager_configuration column from TEXT to MEDIUMTEXT if mysql"
app-grafana           | logger=migrator t=2026-09-18T04:59:47.300841586Z level=info msg="Migration successfully executed" id="alert alert_configuration alertmanager_configuration column from TEXT to MEDIUMTEXT if mysql" duration=17.333µs
app-grafana           | logger=migrator t=2026-09-18T04:59:47.302790294Z level=info msg="Executing migration" id="add column org_id in alert_configuration"
app-grafana           | logger=migrator t=2026-09-18T04:59:47.306761794Z level=info msg="Migration successfully executed" id="add column org_id in alert_configuration" duration=3.971375ms
app-grafana           | logger=migrator t=2026-09-18T04:59:47.309123128Z level=info msg="Executing migration" id="add index in alert_configuration table on org_id column"
app-grafana           | logger=migrator t=2026-09-18T04:59:47.310117753Z level=info msg="Migration successfully executed" id="add index in alert_configuration table on org_id column" duration=995.084µs
app-grafana           | logger=migrator t=2026-09-18T04:59:47.312407336Z level=info msg="Executing migration" id="add configuration_hash column to alert_configuration"
app-grafana           | logger=migrator t=2026-09-18T04:59:47.316821794Z level=info msg="Migration successfully executed" id="add configuration_hash column to alert_configuration" duration=4.414333ms
app-grafana           | logger=migrator t=2026-09-18T04:59:47.318792628Z level=info msg="Executing migration" id=create_ngalert_configuration_table
app-grafana           | logger=migrator t=2026-09-18T04:59:47.319267461Z level=info msg="Migration successfully executed" id=create_ngalert_configuration_table duration=475.041µs
app-grafana           | logger=migrator t=2026-09-18T04:59:47.321539044Z level=info msg="Executing migration" id="add index in ngalert_configuration on org_id column"
app-grafana           | logger=migrator t=2026-09-18T04:59:47.322528544Z level=info msg="Migration successfully executed" id="add index in ngalert_configuration on org_id column" duration=989.292µs
app-grafana           | logger=migrator t=2026-09-18T04:59:47.324855336Z level=info msg="Executing migration" id="add column send_alerts_to in ngalert_configuration"
app-grafana           | logger=migrator t=2026-09-18T04:59:47.329524836Z level=info msg="Migration successfully executed" id="add column send_alerts_to in ngalert_configuration" duration=4.66275ms
app-grafana           | logger=migrator t=2026-09-18T04:59:47.332264044Z level=info msg="Executing migration" id="create provenance_type table"
app-grafana           | logger=migrator t=2026-09-18T04:59:47.333032128Z level=info msg="Migration successfully executed" id="create provenance_type table" duration=768.333µs
app-grafana           | logger=migrator t=2026-09-18T04:59:47.335885836Z level=info msg="Executing migration" id="add index to uniquify (record_key, record_type, org_id) columns"
app-grafana           | logger=migrator t=2026-09-18T04:59:47.336642169Z level=info msg="Migration successfully executed" id="add index to uniquify (record_key, record_type, org_id) columns" duration=751.375µs
app-grafana           | logger=migrator t=2026-09-18T04:59:47.338640544Z level=info msg="Executing migration" id="create alert_image table"
app-grafana           | logger=migrator t=2026-09-18T04:59:47.339144878Z level=info msg="Migration successfully executed" id="create alert_image table" duration=503.916µs
app-grafana           | logger=migrator t=2026-09-18T04:59:47.341166378Z level=info msg="Executing migration" id="add unique index on token to alert_image table"
app-grafana           | logger=migrator t=2026-09-18T04:59:47.341896961Z level=info msg="Migration successfully executed" id="add unique index on token to alert_image table" duration=730.584µs
app-grafana           | logger=migrator t=2026-09-18T04:59:47.343505294Z level=info msg="Executing migration" id="support longer URLs in alert_image table"
app-grafana           | logger=migrator t=2026-09-18T04:59:47.343522211Z level=info msg="Migration successfully executed" id="support longer URLs in alert_image table" duration=17.25µs
app-grafana           | logger=migrator t=2026-09-18T04:59:47.345676461Z level=info msg="Executing migration" id=create_alert_configuration_history_table
app-grafana           | logger=migrator t=2026-09-18T04:59:47.347136669Z level=info msg="Migration successfully executed" id=create_alert_configuration_history_table duration=1.479458ms
app-grafana           | logger=migrator t=2026-09-18T04:59:47.350450211Z level=info msg="Executing migration" id="drop non-unique orgID index on alert_configuration"
app-grafana           | logger=migrator t=2026-09-18T04:59:47.351260836Z level=info msg="Migration successfully executed" id="drop non-unique orgID index on alert_configuration" duration=811.334µs
app-grafana           | logger=migrator t=2026-09-18T04:59:47.352981711Z level=info msg="Executing migration" id="drop unique orgID index on alert_configuration if exists"
app-grafana           | logger=migrator t=2026-09-18T04:59:47.353237836Z level=warn msg="Skipping migration: Already executed, but not recorded in migration log" id="drop unique orgID index on alert_configuration if exists"
app-grafana           | logger=migrator t=2026-09-18T04:59:47.355189919Z level=info msg="Executing migration" id="extract alertmanager configuration history to separate table"
app-grafana           | logger=migrator t=2026-09-18T04:59:47.355494378Z level=info msg="Migration successfully executed" id="extract alertmanager configuration history to separate table" duration=304.375µs
app-grafana           | logger=migrator t=2026-09-18T04:59:47.357201919Z level=info msg="Executing migration" id="add unique index on orgID to alert_configuration"
app-grafana           | logger=migrator t=2026-09-18T04:59:47.357969544Z level=info msg="Migration successfully executed" id="add unique index on orgID to alert_configuration" duration=767.333µs
app-grafana           | logger=migrator t=2026-09-18T04:59:47.359463294Z level=info msg="Executing migration" id="add last_applied column to alert_configuration_history"
app-grafana           | logger=migrator t=2026-09-18T04:59:47.363433878Z level=info msg="Migration successfully executed" id="add last_applied column to alert_configuration_history" duration=3.970208ms
app-grafana           | logger=migrator t=2026-09-18T04:59:47.365035294Z level=info msg="Executing migration" id="create ldevry_element table v1"
app-grafana           | logger=migrator t=2026-09-18T04:59:47.365567378Z level=info msg="Migration successfully executed" id="create ldevry_element table v1" duration=531.958µs
app-grafana           | logger=migrator t=2026-09-18T04:59:47.367005294Z level=info msg="Executing migration" id="add index ldevry_element org_id-folder_id-name-kind"
app-grafana           | logger=migrator t=2026-09-18T04:59:47.367542211Z level=info msg="Migration successfully executed" id="add index ldevry_element org_id-folder_id-name-kind" duration=536.75µs
app-grafana           | logger=migrator t=2026-09-18T04:59:47.368978503Z level=info msg="Executing migration" id="create ldevry_element_connection table v1"
app-grafana           | logger=migrator t=2026-09-18T04:59:47.369341211Z level=info msg="Migration successfully executed" id="create ldevry_element_connection table v1" duration=362.916µs
app-grafana           | logger=migrator t=2026-09-18T04:59:47.371015586Z level=info msg="Executing migration" id="add index ldevry_element_connection element_id-kind-connection_id"
app-grafana           | logger=migrator t=2026-09-18T04:59:47.371500128Z level=info msg="Migration successfully executed" id="add index ldevry_element_connection element_id-kind-connection_id" duration=484.417µs
app-grafana           | logger=migrator t=2026-09-18T04:59:47.372938419Z level=info msg="Executing migration" id="add unique index ldevry_element org_id_uid"
app-grafana           | logger=migrator t=2026-09-18T04:59:47.373607378Z level=info msg="Migration successfully executed" id="add unique index ldevry_element org_id_uid" duration=668.958µs
app-grafana           | logger=migrator t=2026-09-18T04:59:47.375273753Z level=info msg="Executing migration" id="increase max description length to 2048"
app-grafana           | logger=migrator t=2026-09-18T04:59:47.375288919Z level=info msg="Migration successfully executed" id="increase max description length to 2048" duration=15.542µs
app-grafana           | logger=migrator t=2026-09-18T04:59:47.377424878Z level=info msg="Executing migration" id="alter ldevry_element model to mediumtext"
app-grafana           | logger=migrator t=2026-09-18T04:59:47.377439461Z level=info msg="Migration successfully executed" id="alter ldevry_element model to mediumtext" duration=15.125µs
app-grafana           | logger=migrator t=2026-09-18T04:59:47.379894086Z level=info msg="Executing migration" id="add ldevry_element folder uid"
app-grafana           | logger=migrator t=2026-09-18T04:59:47.384179794Z level=info msg="Migration successfully executed" id="add ldevry_element folder uid" duration=4.28575ms
app-grafana           | logger=migrator t=2026-09-18T04:59:47.385906294Z level=info msg="Executing migration" id="populate ldevry_element folder_uid"
app-grafana           | logger=migrator t=2026-09-18T04:59:47.386176794Z level=info msg="Migration successfully executed" id="populate ldevry_element folder_uid" duration=270.417µs
app-grafana           | logger=migrator t=2026-09-18T04:59:47.388690044Z level=info msg="Executing migration" id="add index ldevry_element org_id-folder_uid-name-kind"
app-grafana           | logger=migrator t=2026-09-18T04:59:47.389344961Z level=info msg="Migration successfully executed" id="add index ldevry_element org_id-folder_uid-name-kind" duration=654.833µs
app-grafana           | logger=migrator t=2026-09-18T04:59:47.391244586Z level=info msg="Executing migration" id="drop unique name in folder index (id)"
app-grafana           | logger=migrator t=2026-09-18T04:59:47.392186419Z level=info msg="Migration successfully executed" id="drop unique name in folder index (id)" duration=952.375µs
app-grafana           | logger=migrator t=2026-09-18T04:59:47.394444669Z level=info msg="Executing migration" id="drop unique name in folder index"
app-grafana           | logger=migrator t=2026-09-18T04:59:47.395173878Z level=info msg="Migration successfully executed" id="drop unique name in folder index" duration=732.542µs
app-grafana           | logger=migrator t=2026-09-18T04:59:47.399264961Z level=info msg="Executing migration" id="clone move dashboard alerts to unified alerting"
app-grafana           | logger=migrator t=2026-09-18T04:59:47.400095419Z level=info msg="Migration successfully executed" id="clone move dashboard alerts to unified alerting" duration=831.958µs
app-grafana           | logger=migrator t=2026-09-18T04:59:47.402228961Z level=info msg="Executing migration" id="create data_keys table"
app-grafana           | logger=migrator t=2026-09-18T04:59:47.403129128Z level=info msg="Migration successfully executed" id="create data_keys table" duration=900.541µs
app-grafana           | logger=migrator t=2026-09-18T04:59:47.405994669Z level=info msg="Executing migration" id="create secrets table"
app-grafana           | logger=migrator t=2026-09-18T04:59:47.406799628Z level=info msg="Migration successfully executed" id="create secrets table" duration=802.625µs
app-grafana           | logger=migrator t=2026-09-18T04:59:47.409771419Z level=info msg="Executing migration" id="rename data_keys name column to id"
app-grafana           | logger=migrator t=2026-09-18T04:59:47.433223378Z level=info msg="Migration successfully executed" id="rename data_keys name column to id" duration=23.452917ms
app-grafana           | logger=migrator t=2026-09-18T04:59:47.435010253Z level=info msg="Executing migration" id="add name column into data_keys"
app-grafana           | logger=migrator t=2026-09-18T04:59:47.439674378Z level=info msg="Migration successfully executed" id="add name column into data_keys" duration=4.663708ms
app-grafana           | logger=migrator t=2026-09-18T04:59:47.442037544Z level=info msg="Executing migration" id="copy data_keys id column values into name"
app-grafana           | logger=migrator t=2026-09-18T04:59:47.442149628Z level=info msg="Migration successfully executed" id="copy data_keys id column values into name" duration=112.042µs
app-grafana           | logger=migrator t=2026-09-18T04:59:47.443722836Z level=info msg="Executing migration" id="rename data_keys name column to label"
app-grafana           | logger=migrator t=2026-09-18T04:59:47.464813044Z level=info msg="Migration successfully executed" id="rename data_keys name column to label" duration=21.081916ms
app-grafana           | logger=migrator t=2026-09-18T04:59:47.466481836Z level=info msg="Executing migration" id="rename data_keys id column back to name"
app-grafana           | logger=migrator t=2026-09-18T04:59:47.483783503Z level=info msg="Migration successfully executed" id="rename data_keys id column back to name" duration=17.292ms
app-grafana           | logger=migrator t=2026-09-18T04:59:47.487050419Z level=info msg="Executing migration" id="create kv_store table v1"
app-grafana           | logger=migrator t=2026-09-18T04:59:47.488099419Z level=info msg="Migration successfully executed" id="create kv_store table v1" duration=1.049208ms
app-grafana           | logger=migrator t=2026-09-18T04:59:47.491761419Z level=info msg="Executing migration" id="add index kv_store.org_id-namespace-key"
app-grafana           | logger=migrator t=2026-09-18T04:59:47.492661253Z level=info msg="Migration successfully executed" id="add index kv_store.org_id-namespace-key" duration=900.208µs
app-grafana           | logger=migrator t=2026-09-18T04:59:47.494647711Z level=info msg="Executing migration" id="update dashboard_uid and panel_id from existing annotations"
app-grafana           | logger=migrator t=2026-09-18T04:59:47.494850336Z level=info msg="Migration successfully executed" id="update dashboard_uid and panel_id from existing annotations" duration=196.125µs
app-grafana           | logger=migrator t=2026-09-18T04:59:47.496899711Z level=info msg="Executing migration" id="create permission table"
app-grafana           | logger=migrator t=2026-09-18T04:59:47.497362836Z level=info msg="Migration successfully executed" id="create permission table" duration=463.042µs
app-grafana           | logger=migrator t=2026-09-18T04:59:47.499346378Z level=info msg="Executing migration" id="add unique index permission.role_id"
app-grafana           | logger=migrator t=2026-09-18T04:59:47.499936628Z level=info msg="Migration successfully executed" id="add unique index permission.role_id" duration=590.375µs
app-grafana           | logger=migrator t=2026-09-18T04:59:47.503021586Z level=info msg="Executing migration" id="add unique index role_id_action_scope"
app-grafana           | logger=migrator t=2026-09-18T04:59:47.503865669Z level=info msg="Migration successfully executed" id="add unique index role_id_action_scope" duration=844.166µs
app-grafana           | logger=migrator t=2026-09-18T04:59:47.505893378Z level=info msg="Executing migration" id="create role table"
app-grafana           | logger=migrator t=2026-09-18T04:59:47.506428753Z level=info msg="Migration successfully executed" id="create role table" duration=534.292µs
app-grafana           | logger=migrator t=2026-09-18T04:59:47.509728753Z level=info msg="Executing migration" id="add column display_name"
app-grafana           | logger=migrator t=2026-09-18T04:59:47.514537669Z level=info msg="Migration successfully executed" id="add column display_name" duration=4.805417ms
app-grafana           | logger=migrator t=2026-09-18T04:59:47.516977253Z level=info msg="Executing migration" id="add column group_name"
app-grafana           | logger=migrator t=2026-09-18T04:59:47.520958836Z level=info msg="Migration successfully executed" id="add column group_name" duration=3.980625ms
app-grafana           | logger=migrator t=2026-09-18T04:59:47.522779753Z level=info msg="Executing migration" id="add index role.org_id"
app-grafana           | logger=migrator t=2026-09-18T04:59:47.523604044Z level=info msg="Migration successfully executed" id="add index role.org_id" duration=826.958µs
app-grafana           | logger=migrator t=2026-09-18T04:59:47.525559169Z level=info msg="Executing migration" id="add unique index role_org_id_name"
app-grafana           | logger=migrator t=2026-09-18T04:59:47.526213419Z level=info msg="Migration successfully executed" id="add unique index role_org_id_name" duration=655.084µs
app-grafana           | logger=migrator t=2026-09-18T04:59:47.527459169Z level=info msg="Executing migration" id="add index role_org_id_uid"
app-grafana           | logger=migrator t=2026-09-18T04:59:47.528053919Z level=info msg="Migration successfully executed" id="add index role_org_id_uid" duration=594.375µs
app-grafana           | logger=migrator t=2026-09-18T04:59:47.530099169Z level=info msg="Executing migration" id="create team role table"
app-grafana           | logger=migrator t=2026-09-18T04:59:47.530570961Z level=info msg="Migration successfully executed" id="create team role table" duration=471.5µs
app-grafana           | logger=migrator t=2026-09-18T04:59:47.532259919Z level=info msg="Executing migration" id="add index team_role.org_id"
app-grafana           | logger=migrator t=2026-09-18T04:59:47.532728711Z level=info msg="Migration successfully executed" id="add index team_role.org_id" duration=470.583µs
app-grafana           | logger=migrator t=2026-09-18T04:59:47.534238086Z level=info msg="Executing migration" id="add unique index team_role_org_id_team_id_role_id"
app-grafana           | logger=migrator t=2026-09-18T04:59:47.534819044Z level=info msg="Migration successfully executed" id="add unique index team_role_org_id_team_id_role_id" duration=580.917µs
app-grafana           | logger=migrator t=2026-09-18T04:59:47.537683503Z level=info msg="Executing migration" id="add index team_role.team_id"
app-grafana           | logger=migrator t=2026-09-18T04:59:47.538241961Z level=info msg="Migration successfully executed" id="add index team_role.team_id" duration=558.333µs
app-grafana           | logger=migrator t=2026-09-18T04:59:47.540166794Z level=info msg="Executing migration" id="create user role table"
app-grafana           | logger=migrator t=2026-09-18T04:59:47.540605128Z level=info msg="Migration successfully executed" id="create user role table" duration=430.459µs
app-grafana           | logger=migrator t=2026-09-18T04:59:47.542337003Z level=info msg="Executing migration" id="add index user_role.org_id"
app-grafana           | logger=migrator t=2026-09-18T04:59:47.542919628Z level=info msg="Migration successfully executed" id="add index user_role.org_id" duration=582.667µs
app-grafana           | logger=migrator t=2026-09-18T04:59:47.545888378Z level=info msg="Executing migration" id="add unique index user_role_org_id_user_id_role_id"
app-grafana           | logger=migrator t=2026-09-18T04:59:47.546467336Z level=info msg="Migration successfully executed" id="add unique index user_role_org_id_user_id_role_id" duration=579.5µs
app-grafana           | logger=migrator t=2026-09-18T04:59:47.548462336Z level=info msg="Executing migration" id="add index user_role.user_id"
app-grafana           | logger=migrator t=2026-09-18T04:59:47.548952669Z level=info msg="Migration successfully executed" id="add index user_role.user_id" duration=490.834µs
app-grafana           | logger=migrator t=2026-09-18T04:59:47.551715336Z level=info msg="Executing migration" id="create builtin role table"
app-grafana           | logger=migrator t=2026-09-18T04:59:47.552102544Z level=info msg="Migration successfully executed" id="create builtin role table" duration=386.833µs
app-grafana           | logger=migrator t=2026-09-18T04:59:47.559121003Z level=info msg="Executing migration" id="add index builtin_role.role_id"
app-grafana           | logger=migrator t=2026-09-18T04:59:47.559816919Z level=info msg="Migration successfully executed" id="add index builtin_role.role_id" duration=696.125µs
app-grafana           | logger=migrator t=2026-09-18T04:59:47.561493461Z level=info msg="Executing migration" id="add index builtin_role.name"
app-grafana           | logger=migrator t=2026-09-18T04:59:47.562113878Z level=info msg="Migration successfully executed" id="add index builtin_role.name" duration=620.042µs
app-grafana           | logger=migrator t=2026-09-18T04:59:47.563804336Z level=info msg="Executing migration" id="Add column org_id to builtin_role table"
app-grafana           | logger=migrator t=2026-09-18T04:59:47.570950336Z level=info msg="Migration successfully executed" id="Add column org_id to builtin_role table" duration=7.1405ms
app-grafana           | logger=migrator t=2026-09-18T04:59:47.573389628Z level=info msg="Executing migration" id="add index builtin_role.org_id"
app-grafana           | logger=migrator t=2026-09-18T04:59:47.574240669Z level=info msg="Migration successfully executed" id="add index builtin_role.org_id" duration=851.042µs
app-grafana           | logger=migrator t=2026-09-18T04:59:47.576466003Z level=info msg="Executing migration" id="add unique index builtin_role_org_id_role_id_role"
app-grafana           | logger=migrator t=2026-09-18T04:59:47.577198753Z level=info msg="Migration successfully executed" id="add unique index builtin_role_org_id_role_id_role" duration=732.709µs
app-grafana           | logger=migrator t=2026-09-18T04:59:47.579539669Z level=info msg="Executing migration" id="Remove unique index role_org_id_uid"
app-grafana           | logger=migrator t=2026-09-18T04:59:47.580302419Z level=info msg="Migration successfully executed" id="Remove unique index role_org_id_uid" duration=763.625µs
app-grafana           | logger=migrator t=2026-09-18T04:59:47.582143586Z level=info msg="Executing migration" id="add unique index role.uid"
app-grafana           | logger=migrator t=2026-09-18T04:59:47.582833128Z level=info msg="Migration successfully executed" id="add unique index role.uid" duration=690.083µs
app-grafana           | logger=migrator t=2026-09-18T04:59:47.585087503Z level=info msg="Executing migration" id="create seed assignment table"
app-grafana           | logger=migrator t=2026-09-18T04:59:47.585744253Z level=info msg="Migration successfully executed" id="create seed assignment table" duration=656.667µs
app-grafana           | logger=migrator t=2026-09-18T04:59:47.587702503Z level=info msg="Executing migration" id="add unique index builtin_role_role_name"
app-grafana           | logger=migrator t=2026-09-18T04:59:47.588343919Z level=info msg="Migration successfully executed" id="add unique index builtin_role_role_name" duration=642.542µs
app-grafana           | logger=migrator t=2026-09-18T04:59:47.590021086Z level=info msg="Executing migration" id="add column hidden to role table"
app-grafana           | logger=migrator t=2026-09-18T04:59:47.594709419Z level=info msg="Migration successfully executed" id="add column hidden to role table" duration=4.687625ms
app-grafana           | logger=migrator t=2026-09-18T04:59:47.596661503Z level=info msg="Executing migration" id="permission kind migration"
app-grafana           | logger=migrator t=2026-09-18T04:59:47.602308461Z level=info msg="Migration successfully executed" id="permission kind migration" duration=5.642292ms
app-grafana           | logger=migrator t=2026-09-18T04:59:47.604518794Z level=info msg="Executing migration" id="permission attribute migration"
app-grafana           | logger=migrator t=2026-09-18T04:59:47.608939419Z level=info msg="Migration successfully executed" id="permission attribute migration" duration=4.420292ms
app-grafana           | logger=migrator t=2026-09-18T04:59:47.611155086Z level=info msg="Executing migration" id="permission identifier migration"
app-grafana           | logger=migrator t=2026-09-18T04:59:47.615091003Z level=info msg="Migration successfully executed" id="permission identifier migration" duration=3.935584ms
app-grafana           | logger=migrator t=2026-09-18T04:59:47.616799294Z level=info msg="Executing migration" id="add permission identifier index"
app-grafana           | logger=migrator t=2026-09-18T04:59:47.617357544Z level=info msg="Migration successfully executed" id="add permission identifier index" duration=558.292µs
app-grafana           | logger=migrator t=2026-09-18T04:59:47.619314503Z level=info msg="Executing migration" id="add permission action scope role_id index"
app-grafana           | logger=migrator t=2026-09-18T04:59:47.620374253Z level=info msg="Migration successfully executed" id="add permission action scope role_id index" duration=1.045709ms
app-grafana           | logger=migrator t=2026-09-18T04:59:47.624470003Z level=info msg="Executing migration" id="remove permission role_id action scope index"
app-grafana           | logger=migrator t=2026-09-18T04:59:47.625779336Z level=info msg="Migration successfully executed" id="remove permission role_id action scope index" duration=1.309042ms
app-grafana           | logger=migrator t=2026-09-18T04:59:47.627859586Z level=info msg="Executing migration" id="add group mapping UID column to user_role table"
app-grafana           | logger=migrator t=2026-09-18T04:59:47.633088211Z level=info msg="Migration successfully executed" id="add group mapping UID column to user_role table" duration=5.228ms
app-grafana           | logger=migrator t=2026-09-18T04:59:47.636024836Z level=info msg="Executing migration" id="add user_role org ID, user ID, role ID, group mapping UID index"
app-grafana           | logger=migrator t=2026-09-18T04:59:47.636869378Z level=info msg="Migration successfully executed" id="add user_role org ID, user ID, role ID, group mapping UID index" duration=844.541µs
app-grafana           | logger=migrator t=2026-09-18T04:59:47.63875292Z level=info msg="Executing migration" id="remove user_role org ID, user ID, role ID index"
app-grafana           | logger=migrator t=2026-09-18T04:59:47.639371253Z level=info msg="Migration successfully executed" id="remove user_role org ID, user ID, role ID index" duration=617.959µs
app-grafana           | logger=migrator t=2026-09-18T04:59:47.641098128Z level=info msg="Executing migration" id="add permission role_id action index"
app-grafana           | logger=migrator t=2026-09-18T04:59:47.641658128Z level=info msg="Migration successfully executed" id="add permission role_id action index" duration=559.917µs
app-grafana           | logger=migrator t=2026-09-18T04:59:47.644589461Z level=info msg="Executing migration" id="Remove permission role_id index"
app-grafana           | logger=migrator t=2026-09-18T04:59:47.647275336Z level=info msg="Migration successfully executed" id="Remove permission role_id index" duration=2.685209ms
app-grafana           | logger=migrator t=2026-09-18T04:59:47.649994253Z level=info msg="Executing migration" id="create query_history table v1"
app-grafana           | logger=migrator t=2026-09-18T04:59:47.650532211Z level=info msg="Migration successfully executed" id="create query_history table v1" duration=537.792µs
app-grafana           | logger=migrator t=2026-09-18T04:59:47.652615586Z level=info msg="Executing migration" id="add index query_history.org_id-created_by-datasource_uid"
app-grafana           | logger=migrator t=2026-09-18T04:59:47.653241628Z level=info msg="Migration successfully executed" id="add index query_history.org_id-created_by-datasource_uid" duration=625.75µs
app-grafana           | logger=migrator t=2026-09-18T04:59:47.655361795Z level=info msg="Executing migration" id="alter table query_history alter column created_by type to bigint"
app-grafana           | logger=migrator t=2026-09-18T04:59:47.655462836Z level=info msg="Migration successfully executed" id="alter table query_history alter column created_by type to bigint" duration=101.375µs
app-grafana           | logger=migrator t=2026-09-18T04:59:47.658431503Z level=info msg="Executing migration" id="create query_history_details table v1"
app-grafana           | logger=migrator t=2026-09-18T04:59:47.659015295Z level=info msg="Migration successfully executed" id="create query_history_details table v1" duration=588.042µs
app-grafana           | logger=migrator t=2026-09-18T04:59:47.66143267Z level=info msg="Executing migration" id="rbac disabled migrator"
app-grafana           | logger=migrator t=2026-09-18T04:59:47.661494711Z level=info msg="Migration successfully executed" id="rbac disabled migrator" duration=62.542µs
app-grafana           | logger=migrator t=2026-09-18T04:59:47.663928795Z level=info msg="Executing migration" id="teams permissions migration"
app-grafana           | logger=migrator t=2026-09-18T04:59:47.664567211Z level=info msg="Migration successfully executed" id="teams permissions migration" duration=637.208µs
app-grafana           | logger=migrator t=2026-09-18T04:59:47.667038295Z level=info msg="Executing migration" id="dashboard permissions"
app-grafana           | logger=migrator t=2026-09-18T04:59:47.667505961Z level=info msg="Migration successfully executed" id="dashboard permissions" duration=468.209µs
app-grafana           | logger=migrator t=2026-09-18T04:59:47.66938642Z level=info msg="Executing migration" id="dashboard permissions uid scopes"
app-grafana           | logger=migrator t=2026-09-18T04:59:47.669728878Z level=info msg="Migration successfully executed" id="dashboard permissions uid scopes" duration=342.417µs
app-grafana           | logger=migrator t=2026-09-18T04:59:47.67272442Z level=info msg="Executing migration" id="drop managed folder create actions"
app-grafana           | logger=migrator t=2026-09-18T04:59:47.672878711Z level=info msg="Migration successfully executed" id="drop managed folder create actions" duration=155µs
app-grafana           | logger=migrator t=2026-09-18T04:59:47.674515545Z level=info msg="Executing migration" id="alerting notification permissions"
app-grafana           | logger=migrator t=2026-09-18T04:59:47.674858003Z level=info msg="Migration successfully executed" id="alerting notification permissions" duration=342.541µs
app-grafana           | logger=migrator t=2026-09-18T04:59:47.67689517Z level=info msg="Executing migration" id="create query_history_star table v1"
app-grafana           | logger=migrator t=2026-09-18T04:59:47.677434253Z level=info msg="Migration successfully executed" id="create query_history_star table v1" duration=539.75µs
app-grafana           | logger=migrator t=2026-09-18T04:59:47.679102753Z level=info msg="Executing migration" id="add index query_history.user_id-query_uid"
app-grafana           | logger=migrator t=2026-09-18T04:59:47.679764503Z level=info msg="Migration successfully executed" id="add index query_history.user_id-query_uid" duration=662.208µs
app-grafana           | logger=migrator t=2026-09-18T04:59:47.682598586Z level=info msg="Executing migration" id="add column org_id in query_history_star"
app-grafana           | logger=migrator t=2026-09-18T04:59:47.687321045Z level=info msg="Migration successfully executed" id="add column org_id in query_history_star" duration=4.713958ms
app-grafana           | logger=migrator t=2026-09-18T04:59:47.689500503Z level=info msg="Executing migration" id="alter table query_history_star_mig column user_id type to bigint"
app-grafana           | logger=migrator t=2026-09-18T04:59:47.689542961Z level=info msg="Migration successfully executed" id="alter table query_history_star_mig column user_id type to bigint" duration=43.083µs
app-grafana           | logger=migrator t=2026-09-18T04:59:47.691292295Z level=info msg="Executing migration" id="create correlation table v1"
app-grafana           | logger=migrator t=2026-09-18T04:59:47.691909711Z level=info msg="Migration successfully executed" id="create correlation table v1" duration=617.25µs
app-grafana           | logger=migrator t=2026-09-18T04:59:47.693992711Z level=info msg="Executing migration" id="add index correlations.uid"
app-grafana           | logger=migrator t=2026-09-18T04:59:47.694600461Z level=info msg="Migration successfully executed" id="add index correlations.uid" duration=608.959µs
app-grafana           | logger=migrator t=2026-09-18T04:59:47.696090628Z level=info msg="Executing migration" id="add index correlations.source_uid"
app-grafana           | logger=migrator t=2026-09-18T04:59:47.69669492Z level=info msg="Migration successfully executed" id="add index correlations.source_uid" duration=604.416µs
app-grafana           | logger=migrator t=2026-09-18T04:59:47.698543711Z level=info msg="Executing migration" id="add correlation config column"
app-grafana           | logger=migrator t=2026-09-18T04:59:47.704500795Z level=info msg="Migration successfully executed" id="add correlation config column" duration=5.956667ms
app-grafana           | logger=migrator t=2026-09-18T04:59:47.706438336Z level=info msg="Executing migration" id="drop index IDX_correlation_uid - v1"
app-grafana           | logger=migrator t=2026-09-18T04:59:47.707034295Z level=info msg="Migration successfully executed" id="drop index IDX_correlation_uid - v1" duration=588.041µs
app-grafana           | logger=migrator t=2026-09-18T04:59:47.708866628Z level=info msg="Executing migration" id="drop index IDX_correlation_source_uid - v1"
app-grafana           | logger=migrator t=2026-09-18T04:59:47.70941817Z level=info msg="Migration successfully executed" id="drop index IDX_correlation_source_uid - v1" duration=551.583µs
app-grafana           | logger=migrator t=2026-09-18T04:59:47.71137117Z level=info msg="Executing migration" id="Rename table correlation to correlation_tmp_qwerty - v1"
app-grafana           | logger=migrator t=2026-09-18T04:59:47.726739336Z level=info msg="Migration successfully executed" id="Rename table correlation to correlation_tmp_qwerty - v1" duration=15.366584ms
app-grafana           | logger=migrator t=2026-09-18T04:59:47.729518961Z level=info msg="Executing migration" id="create correlation v2"
app-grafana           | logger=migrator t=2026-09-18T04:59:47.730079586Z level=info msg="Migration successfully executed" id="create correlation v2" duration=560.542µs
app-grafana           | logger=migrator t=2026-09-18T04:59:47.732062753Z level=info msg="Executing migration" id="create index IDX_correlation_uid - v2"
app-grafana           | logger=migrator t=2026-09-18T04:59:47.732650003Z level=info msg="Migration successfully executed" id="create index IDX_correlation_uid - v2" duration=586.875µs
app-grafana           | logger=migrator t=2026-09-18T04:59:47.734500336Z level=info msg="Executing migration" id="create index IDX_correlation_source_uid - v2"
app-grafana           | logger=migrator t=2026-09-18T04:59:47.735027336Z level=info msg="Migration successfully executed" id="create index IDX_correlation_source_uid - v2" duration=535.417µs
app-grafana           | logger=migrator t=2026-09-18T04:59:47.736432961Z level=info msg="Executing migration" id="create index IDX_correlation_org_id - v2"
app-grafana           | logger=migrator t=2026-09-18T04:59:47.737000211Z level=info msg="Migration successfully executed" id="create index IDX_correlation_org_id - v2" duration=567µs
app-grafana           | logger=migrator t=2026-09-18T04:59:47.739266336Z level=info msg="Executing migration" id="copy correlation v1 to v2"
app-grafana           | logger=migrator t=2026-09-18T04:59:47.739401003Z level=info msg="Migration successfully executed" id="copy correlation v1 to v2" duration=134.875µs
app-grafana           | logger=migrator t=2026-09-18T04:59:47.741228711Z level=info msg="Executing migration" id="drop correlation_tmp_qwerty"
app-grafana           | logger=migrator t=2026-09-18T04:59:47.74249767Z level=info msg="Migration successfully executed" id="drop correlation_tmp_qwerty" duration=1.268916ms
app-grafana           | logger=migrator t=2026-09-18T04:59:47.744456253Z level=info msg="Executing migration" id="add provisioning column"
app-grafana           | logger=migrator t=2026-09-18T04:59:47.74921917Z level=info msg="Migration successfully executed" id="add provisioning column" duration=4.758833ms
app-grafana           | logger=migrator t=2026-09-18T04:59:47.751983128Z level=info msg="Executing migration" id="add type column"
app-grafana           | logger=migrator t=2026-09-18T04:59:47.756182795Z level=info msg="Migration successfully executed" id="add type column" duration=4.199083ms
app-grafana           | logger=migrator t=2026-09-18T04:59:47.758271295Z level=info msg="Executing migration" id="create entity_events table"
app-grafana           | logger=migrator t=2026-09-18T04:59:47.758732753Z level=info msg="Migration successfully executed" id="create entity_events table" duration=462.208µs
app-grafana           | logger=migrator t=2026-09-18T04:59:47.760212003Z level=info msg="Executing migration" id="create dashboard public config v1"
app-grafana           | logger=migrator t=2026-09-18T04:59:47.760691628Z level=info msg="Migration successfully executed" id="create dashboard public config v1" duration=479.541µs
app-grafana           | logger=migrator t=2026-09-18T04:59:47.762431795Z level=info msg="Executing migration" id="drop index UQE_dashboard_public_config_uid - v1"
app-grafana           | logger=migrator t=2026-09-18T04:59:47.762706545Z level=warn msg="Skipping migration: Already executed, but not recorded in migration log" id="drop index UQE_dashboard_public_config_uid - v1"
app-grafana           | logger=migrator t=2026-09-18T04:59:47.765657795Z level=info msg="Executing migration" id="drop index IDX_dashboard_public_config_org_id_dashboard_uid - v1"
app-grafana           | logger=migrator t=2026-09-18T04:59:47.765887711Z level=warn msg="Skipping migration: Already executed, but not recorded in migration log" id="drop index IDX_dashboard_public_config_org_id_dashboard_uid - v1"
app-grafana           | logger=migrator t=2026-09-18T04:59:47.76822317Z level=info msg="Executing migration" id="Drop old dashboard public config table"
app-grafana           | logger=migrator t=2026-09-18T04:59:47.769394503Z level=info msg="Migration successfully executed" id="Drop old dashboard public config table" duration=1.176459ms
app-grafana           | logger=migrator t=2026-09-18T04:59:47.771080878Z level=info msg="Executing migration" id="recreate dashboard public config v1"
app-grafana           | logger=migrator t=2026-09-18T04:59:47.771625628Z level=info msg="Migration successfully executed" id="recreate dashboard public config v1" duration=544.334µs
app-grafana           | logger=migrator t=2026-09-18T04:59:47.772904128Z level=info msg="Executing migration" id="create index UQE_dashboard_public_config_uid - v1"
app-grafana           | logger=migrator t=2026-09-18T04:59:47.773398836Z level=info msg="Migration successfully executed" id="create index UQE_dashboard_public_config_uid - v1" duration=494.459µs
app-grafana           | logger=migrator t=2026-09-18T04:59:47.774993336Z level=info msg="Executing migration" id="create index IDX_dashboard_public_config_org_id_dashboard_uid - v1"
app-grafana           | logger=migrator t=2026-09-18T04:59:47.775564961Z level=info msg="Migration successfully executed" id="create index IDX_dashboard_public_config_org_id_dashboard_uid - v1" duration=571.416µs
app-grafana           | logger=migrator t=2026-09-18T04:59:47.777272295Z level=info msg="Executing migration" id="drop index UQE_dashboard_public_config_uid - v2"
app-grafana           | logger=migrator t=2026-09-18T04:59:47.77794217Z level=info msg="Migration successfully executed" id="drop index UQE_dashboard_public_config_uid - v2" duration=669.625µs
app-grafana           | logger=migrator t=2026-09-18T04:59:47.779557086Z level=info msg="Executing migration" id="drop index IDX_dashboard_public_config_org_id_dashboard_uid - v2"
app-grafana           | logger=migrator t=2026-09-18T04:59:47.781131586Z level=info msg="Migration successfully executed" id="drop index IDX_dashboard_public_config_org_id_dashboard_uid - v2" duration=1.574292ms
app-grafana           | logger=migrator t=2026-09-18T04:59:47.783025378Z level=info msg="Executing migration" id="Drop public config table"
app-grafana           | logger=migrator t=2026-09-18T04:59:47.786289295Z level=info msg="Migration successfully executed" id="Drop public config table" duration=3.263917ms
app-grafana           | logger=migrator t=2026-09-18T04:59:47.787728878Z level=info msg="Executing migration" id="Recreate dashboard public config v2"
app-grafana           | logger=migrator t=2026-09-18T04:59:47.78827192Z level=info msg="Migration successfully executed" id="Recreate dashboard public config v2" duration=542.75µs
app-grafana           | logger=migrator t=2026-09-18T04:59:47.789752378Z level=info msg="Executing migration" id="create index UQE_dashboard_public_config_uid - v2"
app-grafana           | logger=migrator t=2026-09-18T04:59:47.790265628Z level=info msg="Migration successfully executed" id="create index UQE_dashboard_public_config_uid - v2" duration=513.25µs
app-grafana           | logger=migrator t=2026-09-18T04:59:47.791295253Z level=info msg="Executing migration" id="create index IDX_dashboard_public_config_org_id_dashboard_uid - v2"
app-grafana           | logger=migrator t=2026-09-18T04:59:47.791910545Z level=info msg="Migration successfully executed" id="create index IDX_dashboard_public_config_org_id_dashboard_uid - v2" duration=615.125µs
app-grafana           | logger=migrator t=2026-09-18T04:59:47.793667836Z level=info msg="Executing migration" id="create index UQE_dashboard_public_config_access_token - v2"
app-grafana           | logger=migrator t=2026-09-18T04:59:47.794231961Z level=info msg="Migration successfully executed" id="create index UQE_dashboard_public_config_access_token - v2" duration=563.917µs
app-grafana           | logger=migrator t=2026-09-18T04:59:47.796648253Z level=info msg="Executing migration" id="Rename table dashboard_public_config to dashboard_public - v2"
app-grafana           | logger=migrator t=2026-09-18T04:59:47.814675128Z level=info msg="Migration successfully executed" id="Rename table dashboard_public_config to dashboard_public - v2" duration=18.025167ms
app-grafana           | logger=migrator t=2026-09-18T04:59:47.816687795Z level=info msg="Executing migration" id="add annotations_enabled column"
app-grafana           | logger=migrator t=2026-09-18T04:59:47.822227586Z level=info msg="Migration successfully executed" id="add annotations_enabled column" duration=5.539083ms
app-grafana           | logger=migrator t=2026-09-18T04:59:47.824112378Z level=info msg="Executing migration" id="add time_selection_enabled column"
app-grafana           | logger=migrator t=2026-09-18T04:59:47.828483836Z level=info msg="Migration successfully executed" id="add time_selection_enabled column" duration=4.370833ms
app-grafana           | logger=migrator t=2026-09-18T04:59:47.830957003Z level=info msg="Executing migration" id="delete orphaned public dashboards"
app-grafana           | logger=migrator t=2026-09-18T04:59:47.831105795Z level=info msg="Migration successfully executed" id="delete orphaned public dashboards" duration=149.333µs
app-grafana           | logger=migrator t=2026-09-18T04:59:47.833127711Z level=info msg="Executing migration" id="add share column"
app-grafana           | logger=migrator t=2026-09-18T04:59:47.838141795Z level=info msg="Migration successfully executed" id="add share column" duration=5.013959ms
app-grafana           | logger=migrator t=2026-09-18T04:59:47.840180295Z level=info msg="Executing migration" id="backfill empty share column fields with default of public"
app-grafana           | logger=migrator t=2026-09-18T04:59:47.840262211Z level=info msg="Migration successfully executed" id="backfill empty share column fields with default of public" duration=82.333µs
app-grafana           | logger=migrator t=2026-09-18T04:59:47.841896086Z level=info msg="Executing migration" id="create file table"
app-grafana           | logger=migrator t=2026-09-18T04:59:47.842368878Z level=info msg="Migration successfully executed" id="create file table" duration=472.875µs
app-grafana           | logger=migrator t=2026-09-18T04:59:47.844168211Z level=info msg="Executing migration" id="file table idx: path natural pk"
app-grafana           | logger=migrator t=2026-09-18T04:59:47.844711336Z level=info msg="Migration successfully executed" id="file table idx: path natural pk" duration=551.666µs
app-grafana           | logger=migrator t=2026-09-18T04:59:47.845925461Z level=info msg="Executing migration" id="file table idx: parent_folder_path_hash fast folder retrieval"
app-grafana           | logger=migrator t=2026-09-18T04:59:47.846585128Z level=info msg="Migration successfully executed" id="file table idx: parent_folder_path_hash fast folder retrieval" duration=658.208µs
app-grafana           | logger=migrator t=2026-09-18T04:59:47.848909378Z level=info msg="Executing migration" id="create file_meta table"
app-grafana           | logger=migrator t=2026-09-18T04:59:47.84961342Z level=info msg="Migration successfully executed" id="create file_meta table" duration=703.708µs
app-grafana           | logger=migrator t=2026-09-18T04:59:47.851152461Z level=info msg="Executing migration" id="file table idx: path key"
app-grafana           | logger=migrator t=2026-09-18T04:59:47.851759003Z level=info msg="Migration successfully executed" id="file table idx: path key" duration=606.458µs
app-grafana           | logger=migrator t=2026-09-18T04:59:47.853425545Z level=info msg="Executing migration" id="set path collation in file table"
app-grafana           | logger=migrator t=2026-09-18T04:59:47.853435711Z level=info msg="Migration successfully executed" id="set path collation in file table" duration=10.542µs
app-grafana           | logger=migrator t=2026-09-18T04:59:47.85533192Z level=info msg="Executing migration" id="migrate contents column to mediumblob for MySQL"
app-grafana           | logger=migrator t=2026-09-18T04:59:47.855342253Z level=info msg="Migration successfully executed" id="migrate contents column to mediumblob for MySQL" duration=10.834µs
app-grafana           | logger=migrator t=2026-09-18T04:59:47.857732086Z level=info msg="Executing migration" id="drop my_row_id and add primary key to file table if my_row_id exists (auto-generated mysql column)"
app-grafana           | logger=migrator t=2026-09-18T04:59:47.85785867Z level=warn msg="Skipping migration: Already executed, but not recorded in migration log" id="drop my_row_id and add primary key to file table if my_row_id exists (auto-generated mysql column)"
app-grafana           | logger=migrator t=2026-09-18T04:59:47.860256711Z level=info msg="Executing migration" id="drop file_path unique index from file table if it exists (mysql)"
app-grafana           | logger=migrator t=2026-09-18T04:59:47.860542545Z level=info msg="Migration successfully executed" id="drop file_path unique index from file table if it exists (mysql)" duration=286.208µs
app-grafana           | logger=migrator t=2026-09-18T04:59:47.86237592Z level=info msg="Executing migration" id="add primary key to file table if it doesn't exist (mysql)"
app-grafana           | logger=migrator t=2026-09-18T04:59:47.86238542Z level=info msg="Migration successfully executed" id="add primary key to file table if it doesn't exist (mysql)" duration=10.041µs
app-grafana           | logger=migrator t=2026-09-18T04:59:47.864266961Z level=info msg="Executing migration" id="add primary key to file table (postgres and sqlite)"
app-grafana           | logger=migrator t=2026-09-18T04:59:47.877534503Z level=info msg="Migration successfully executed" id="add primary key to file table (postgres and sqlite)" duration=13.26625ms
app-grafana           | logger=migrator t=2026-09-18T04:59:47.879318003Z level=info msg="Executing migration" id="drop my_row_id and add primary key to file_meta table if my_row_id exists (auto-generated mysql column)"
app-grafana           | logger=migrator t=2026-09-18T04:59:47.879450336Z level=warn msg="Skipping migration: Already executed, but not recorded in migration log" id="drop my_row_id and add primary key to file_meta table if my_row_id exists (auto-generated mysql column)"
app-grafana           | logger=migrator t=2026-09-18T04:59:47.881326336Z level=info msg="Executing migration" id="drop file_path unique index from file_meta table if it exists (mysql)"
app-grafana           | logger=migrator t=2026-09-18T04:59:47.88158942Z level=info msg="Migration successfully executed" id="drop file_path unique index from file_meta table if it exists (mysql)" duration=263.542µs
app-grafana           | logger=migrator t=2026-09-18T04:59:47.883420753Z level=info msg="Executing migration" id="add primary key to file_meta table if it doesn't exist (mysql)"
app-grafana           | logger=migrator t=2026-09-18T04:59:47.883429211Z level=info msg="Migration successfully executed" id="add primary key to file_meta table if it doesn't exist (mysql)" duration=8.833µs
app-grafana           | logger=migrator t=2026-09-18T04:59:47.885776503Z level=info msg="Executing migration" id="add primary key to file_meta table (postgres and sqlite)"
app-grafana           | logger=migrator t=2026-09-18T04:59:47.899319336Z level=info msg="Migration successfully executed" id="add primary key to file_meta table (postgres and sqlite)" duration=13.534875ms
app-grafana           | logger=migrator t=2026-09-18T04:59:47.901102628Z level=info msg="Executing migration" id="managed permissions migration"
app-grafana           | logger=migrator t=2026-09-18T04:59:47.901383545Z level=info msg="Migration successfully executed" id="managed permissions migration" duration=280.834µs
app-grafana           | logger=migrator t=2026-09-18T04:59:47.903325836Z level=info msg="Executing migration" id="managed folder permissions alert actions migration"
app-grafana           | logger=migrator t=2026-09-18T04:59:47.903411753Z level=info msg="Migration successfully executed" id="managed folder permissions alert actions migration" duration=86.583µs
app-grafana           | logger=migrator t=2026-09-18T04:59:47.90580342Z level=info msg="Executing migration" id="RBAC action name migrator"
app-grafana           | logger=migrator t=2026-09-18T04:59:47.906436711Z level=info msg="Migration successfully executed" id="RBAC action name migrator" duration=633.125µs
app-grafana           | logger=migrator t=2026-09-18T04:59:47.908461336Z level=info msg="Executing migration" id="Add UID column to playlist"
app-grafana           | logger=migrator t=2026-09-18T04:59:47.912755253Z level=info msg="Migration successfully executed" id="Add UID column to playlist" duration=4.293458ms
app-grafana           | logger=migrator t=2026-09-18T04:59:47.914272961Z level=info msg="Executing migration" id="Update uid column values in playlist"
app-grafana           | logger=migrator t=2026-09-18T04:59:47.914327295Z level=info msg="Migration successfully executed" id="Update uid column values in playlist" duration=54.5µs
app-grafana           | logger=migrator t=2026-09-18T04:59:47.91676517Z level=info msg="Executing migration" id="Add index for uid in playlist"
app-grafana           | logger=migrator t=2026-09-18T04:59:47.917394128Z level=info msg="Migration successfully executed" id="Add index for uid in playlist" duration=629.541µs
app-grafana           | logger=migrator t=2026-09-18T04:59:47.919946836Z level=info msg="Executing migration" id="update group index for alert rules"
app-grafana           | logger=migrator t=2026-09-18T04:59:47.920203711Z level=info msg="Migration successfully executed" id="update group index for alert rules" duration=257.292µs
app-grafana           | logger=migrator t=2026-09-18T04:59:47.923410503Z level=info msg="Executing migration" id="managed folder permissions alert actions repeated migration"
app-grafana           | logger=migrator t=2026-09-18T04:59:47.923512795Z level=info msg="Migration successfully executed" id="managed folder permissions alert actions repeated migration" duration=103.75µs
app-grafana           | logger=migrator t=2026-09-18T04:59:47.925745336Z level=info msg="Executing migration" id="admin only folder/dashboard permission"
app-grafana           | logger=migrator t=2026-09-18T04:59:47.92610617Z level=info msg="Migration successfully executed" id="admin only folder/dashboard permission" duration=360.666µs
app-grafana           | logger=migrator t=2026-09-18T04:59:47.927647628Z level=info msg="Executing migration" id="add action column to seed_assignment"
app-grafana           | logger=migrator t=2026-09-18T04:59:47.932311253Z level=info msg="Migration successfully executed" id="add action column to seed_assignment" duration=4.663334ms
app-grafana           | logger=migrator t=2026-09-18T04:59:47.934581128Z level=info msg="Executing migration" id="add scope column to seed_assignment"
app-grafana           | logger=migrator t=2026-09-18T04:59:47.938692336Z level=info msg="Migration successfully executed" id="add scope column to seed_assignment" duration=4.117375ms
app-grafana           | logger=migrator t=2026-09-18T04:59:47.940803128Z level=info msg="Executing migration" id="remove unique index builtin_role_role_name before nullable update"
app-grafana           | logger=migrator t=2026-09-18T04:59:47.941384878Z level=info msg="Migration successfully executed" id="remove unique index builtin_role_role_name before nullable update" duration=581.583µs
app-grafana           | logger=migrator t=2026-09-18T04:59:47.942883711Z level=info msg="Executing migration" id="update seed_assignment role_name column to nullable"
app-grafana           | logger=migrator t=2026-09-18T04:59:47.98862067Z level=info msg="Migration successfully executed" id="update seed_assignment role_name column to nullable" duration=45.729583ms
app-grafana           | logger=migrator t=2026-09-18T04:59:47.990929711Z level=info msg="Executing migration" id="add unique index builtin_role_name back"
app-grafana           | logger=migrator t=2026-09-18T04:59:47.991636086Z level=info msg="Migration successfully executed" id="add unique index builtin_role_name back" duration=706.5µs
app-grafana           | logger=migrator t=2026-09-18T04:59:47.993762461Z level=info msg="Executing migration" id="add unique index builtin_role_action_scope"
app-grafana           | logger=migrator t=2026-09-18T04:59:47.994452295Z level=info msg="Migration successfully executed" id="add unique index builtin_role_action_scope" duration=689.833µs
app-grafana           | logger=migrator t=2026-09-18T04:59:47.99671117Z level=info msg="Executing migration" id="add primary key to seed_assigment"
app-grafana           | logger=migrator t=2026-09-18T04:59:48.010855045Z level=info msg="Migration successfully executed" id="add primary key to seed_assigment" duration=14.127166ms
app-grafana           | logger=migrator t=2026-09-18T04:59:48.012819586Z level=info msg="Executing migration" id="add origin column to seed_assignment"
app-grafana           | logger=migrator t=2026-09-18T04:59:48.018366711Z level=info msg="Migration successfully executed" id="add origin column to seed_assignment" duration=5.54525ms
app-grafana           | logger=migrator t=2026-09-18T04:59:48.020597711Z level=info msg="Executing migration" id="add origin to plugin seed_assignment"
app-grafana           | logger=migrator t=2026-09-18T04:59:48.020863128Z level=info msg="Migration successfully executed" id="add origin to plugin seed_assignment" duration=265.625µs
app-grafana           | logger=migrator t=2026-09-18T04:59:48.02384017Z level=info msg="Executing migration" id="prevent seeding OnCall access"
app-grafana           | logger=migrator t=2026-09-18T04:59:48.023948461Z level=info msg="Migration successfully executed" id="prevent seeding OnCall access" duration=108.916µs
app-grafana           | logger=migrator t=2026-09-18T04:59:48.026227128Z level=info msg="Executing migration" id="managed folder permissions alert actions repeated fixed migration"
app-grafana           | logger=migrator t=2026-09-18T04:59:48.026371336Z level=info msg="Migration successfully executed" id="managed folder permissions alert actions repeated fixed migration" duration=144.542µs
app-grafana           | logger=migrator t=2026-09-18T04:59:48.028328336Z level=info msg="Executing migration" id="managed folder permissions ldevry panel actions migration"
app-grafana           | logger=migrator t=2026-09-18T04:59:48.028466211Z level=info msg="Migration successfully executed" id="managed folder permissions ldevry panel actions migration" duration=137.916µs
app-grafana           | logger=migrator t=2026-09-18T04:59:48.030601586Z level=info msg="Executing migration" id="migrate external alertmanagers to datsourcse"
app-grafana           | logger=migrator t=2026-09-18T04:59:48.030730628Z level=info msg="Migration successfully executed" id="migrate external alertmanagers to datsourcse" duration=128.916µs
app-grafana           | logger=migrator t=2026-09-18T04:59:48.032808545Z level=info msg="Executing migration" id="create folder table"
app-grafana           | logger=migrator t=2026-09-18T04:59:48.033396378Z level=info msg="Migration successfully executed" id="create folder table" duration=588.083µs
app-grafana           | logger=migrator t=2026-09-18T04:59:48.035410795Z level=info msg="Executing migration" id="Add index for parent_uid"
app-grafana           | logger=migrator t=2026-09-18T04:59:48.036082253Z level=info msg="Migration successfully executed" id="Add index for parent_uid" duration=671.875µs
app-grafana           | logger=migrator t=2026-09-18T04:59:48.038176003Z level=info msg="Executing migration" id="Add unique index for folder.uid and folder.org_id"
app-grafana           | logger=migrator t=2026-09-18T04:59:48.039107336Z level=info msg="Migration successfully executed" id="Add unique index for folder.uid and folder.org_id" duration=930.708µs
app-grafana           | logger=migrator t=2026-09-18T04:59:48.040913295Z level=info msg="Executing migration" id="Update folder title length"
app-grafana           | logger=migrator t=2026-09-18T04:59:48.040930961Z level=info msg="Migration successfully executed" id="Update folder title length" duration=25.25µs
app-grafana           | logger=migrator t=2026-09-18T04:59:48.042908003Z level=info msg="Executing migration" id="Add unique index for folder.title and folder.parent_uid"
app-grafana           | logger=migrator t=2026-09-18T04:59:48.04367292Z level=info msg="Migration successfully executed" id="Add unique index for folder.title and folder.parent_uid" duration=765.125µs
app-grafana           | logger=migrator t=2026-09-18T04:59:48.045202003Z level=info msg="Executing migration" id="Remove unique index for folder.title and folder.parent_uid"
app-grafana           | logger=migrator t=2026-09-18T04:59:48.045946003Z level=info msg="Migration successfully executed" id="Remove unique index for folder.title and folder.parent_uid" duration=743.625µs
app-grafana           | logger=migrator t=2026-09-18T04:59:48.055375795Z level=info msg="Executing migration" id="Add unique index for title, parent_uid, and org_id"
app-grafana           | logger=migrator t=2026-09-18T04:59:48.056330503Z level=info msg="Migration successfully executed" id="Add unique index for title, parent_uid, and org_id" duration=955.791µs
app-grafana           | logger=migrator t=2026-09-18T04:59:48.05851792Z level=info msg="Executing migration" id="Sync dashboard and folder table"
app-grafana           | logger=migrator t=2026-09-18T04:59:48.058942461Z level=info msg="Migration successfully executed" id="Sync dashboard and folder table" duration=425.167µs
app-grafana           | logger=migrator t=2026-09-18T04:59:48.060920295Z level=info msg="Executing migration" id="Remove ghost folders from the folder table"
app-grafana           | logger=migrator t=2026-09-18T04:59:48.061080378Z level=info msg="Migration successfully executed" id="Remove ghost folders from the folder table" duration=159.75µs
app-grafana           | logger=migrator t=2026-09-18T04:59:48.063065753Z level=info msg="Executing migration" id="Remove unique index UQE_folder_uid_org_id"
app-grafana           | logger=migrator t=2026-09-18T04:59:48.063791878Z level=info msg="Migration successfully executed" id="Remove unique index UQE_folder_uid_org_id" duration=725.792µs
app-grafana           | logger=migrator t=2026-09-18T04:59:48.066598086Z level=info msg="Executing migration" id="Add unique index UQE_folder_org_id_uid"
app-grafana           | logger=migrator t=2026-09-18T04:59:48.067451795Z level=info msg="Migration successfully executed" id="Add unique index UQE_folder_org_id_uid" duration=843.791µs
app-grafana           | logger=migrator t=2026-09-18T04:59:48.069511336Z level=info msg="Executing migration" id="Remove unique index UQE_folder_title_parent_uid_org_id"
app-grafana           | logger=migrator t=2026-09-18T04:59:48.070895961Z level=info msg="Migration successfully executed" id="Remove unique index UQE_folder_title_parent_uid_org_id" duration=1.38425ms
app-grafana           | logger=migrator t=2026-09-18T04:59:48.073219461Z level=info msg="Executing migration" id="Add unique index UQE_folder_org_id_parent_uid_title"
app-grafana           | logger=migrator t=2026-09-18T04:59:48.07387042Z level=info msg="Migration successfully executed" id="Add unique index UQE_folder_org_id_parent_uid_title" duration=650.875µs
app-grafana           | logger=migrator t=2026-09-18T04:59:48.075521461Z level=info msg="Executing migration" id="Remove index IDX_folder_parent_uid_org_id"
app-grafana           | logger=migrator t=2026-09-18T04:59:48.077181878Z level=info msg="Migration successfully executed" id="Remove index IDX_folder_parent_uid_org_id" duration=1.659791ms
app-grafana           | logger=migrator t=2026-09-18T04:59:48.079089711Z level=info msg="Executing migration" id="Remove unique index UQE_folder_org_id_parent_uid_title"
app-grafana           | logger=migrator t=2026-09-18T04:59:48.079702461Z level=info msg="Migration successfully executed" id="Remove unique index UQE_folder_org_id_parent_uid_title" duration=612.583µs
app-grafana           | logger=migrator t=2026-09-18T04:59:48.082041128Z level=info msg="Executing migration" id="Add index IDX_folder_org_id_parent_uid"
app-grafana           | logger=migrator t=2026-09-18T04:59:48.082721253Z level=info msg="Migration successfully executed" id="Add index IDX_folder_org_id_parent_uid" duration=688µs
app-grafana           | logger=migrator t=2026-09-18T04:59:48.085336211Z level=info msg="Executing migration" id="create anon_device table"
app-grafana           | logger=migrator t=2026-09-18T04:59:48.085754378Z level=info msg="Migration successfully executed" id="create anon_device table" duration=417.917µs
app-grafana           | logger=migrator t=2026-09-18T04:59:48.088097711Z level=info msg="Executing migration" id="add unique index anon_device.device_id"
app-grafana           | logger=migrator t=2026-09-18T04:59:48.088625961Z level=info msg="Migration successfully executed" id="add unique index anon_device.device_id" duration=528.541µs
app-grafana           | logger=migrator t=2026-09-18T04:59:48.08998917Z level=info msg="Executing migration" id="add index anon_device.updated_at"
app-grafana           | logger=migrator t=2026-09-18T04:59:48.090536503Z level=info msg="Migration successfully executed" id="add index anon_device.updated_at" duration=547.083µs
app-grafana           | logger=migrator t=2026-09-18T04:59:48.092575045Z level=info msg="Executing migration" id="create signing_key table"
app-grafana           | logger=migrator t=2026-09-18T04:59:48.09295417Z level=info msg="Migration successfully executed" id="create signing_key table" duration=379µs
app-grafana           | logger=migrator t=2026-09-18T04:59:48.094213045Z level=info msg="Executing migration" id="add unique index signing_key.key_id"
app-grafana           | logger=migrator t=2026-09-18T04:59:48.094860461Z level=info msg="Migration successfully executed" id="add unique index signing_key.key_id" duration=640.708µs
app-grafana           | logger=migrator t=2026-09-18T04:59:48.096267461Z level=info msg="Executing migration" id="set legacy alert migration status in kvstore"
app-grafana           | logger=migrator t=2026-09-18T04:59:48.096944711Z level=info msg="Migration successfully executed" id="set legacy alert migration status in kvstore" duration=677.333µs
app-grafana           | logger=migrator t=2026-09-18T04:59:48.098941461Z level=info msg="Executing migration" id="migrate record of created folders during legacy migration to kvstore"
app-grafana           | logger=migrator t=2026-09-18T04:59:48.099158211Z level=info msg="Migration successfully executed" id="migrate record of created folders during legacy migration to kvstore" duration=217.459µs
app-grafana           | logger=migrator t=2026-09-18T04:59:48.100789711Z level=info msg="Executing migration" id="Add folder_uid for dashboard"
app-grafana           | logger=migrator t=2026-09-18T04:59:48.105589128Z level=info msg="Migration successfully executed" id="Add folder_uid for dashboard" duration=4.799125ms
app-grafana           | logger=migrator t=2026-09-18T04:59:48.10722542Z level=info msg="Executing migration" id="Populate dashboard folder_uid column"
app-grafana           | logger=migrator t=2026-09-18T04:59:48.107628128Z level=info msg="Migration successfully executed" id="Populate dashboard folder_uid column" duration=403.125µs
app-grafana           | logger=migrator t=2026-09-18T04:59:48.10935217Z level=info msg="Executing migration" id="Add unique index for dashboard_org_id_folder_uid_title"
app-grafana           | logger=migrator t=2026-09-18T04:59:48.109367378Z level=info msg="Migration successfully executed" id="Add unique index for dashboard_org_id_folder_uid_title" duration=15.708µs
app-grafana           | logger=migrator t=2026-09-18T04:59:48.11109742Z level=info msg="Executing migration" id="Delete unique index for dashboard_org_id_folder_id_title"
app-grafana           | logger=migrator t=2026-09-18T04:59:48.111748128Z level=info msg="Migration successfully executed" id="Delete unique index for dashboard_org_id_folder_id_title" duration=650.958µs
app-grafana           | logger=migrator t=2026-09-18T04:59:48.113711836Z level=info msg="Executing migration" id="Delete unique index for dashboard_org_id_folder_uid_title"
app-grafana           | logger=migrator t=2026-09-18T04:59:48.113746586Z level=info msg="Migration successfully executed" id="Delete unique index for dashboard_org_id_folder_uid_title" duration=24.084µs
app-grafana           | logger=migrator t=2026-09-18T04:59:48.11541917Z level=info msg="Executing migration" id="Add unique index for dashboard_org_id_folder_uid_title_is_folder"
app-grafana           | logger=migrator t=2026-09-18T04:59:48.11616092Z level=info msg="Migration successfully executed" id="Add unique index for dashboard_org_id_folder_uid_title_is_folder" duration=741.917µs
app-grafana           | logger=migrator t=2026-09-18T04:59:48.117614753Z level=info msg="Executing migration" id="Restore index for dashboard_org_id_folder_id_title"
app-grafana           | logger=migrator t=2026-09-18T04:59:48.118240128Z level=info msg="Migration successfully executed" id="Restore index for dashboard_org_id_folder_id_title" duration=631.667µs
app-grafana           | logger=migrator t=2026-09-18T04:59:48.120162753Z level=info msg="Executing migration" id="Remove unique index for dashboard_org_id_folder_uid_title_is_folder"
app-grafana           | logger=migrator t=2026-09-18T04:59:48.120716961Z level=info msg="Migration successfully executed" id="Remove unique index for dashboard_org_id_folder_uid_title_is_folder" duration=554.084µs
app-grafana           | logger=migrator t=2026-09-18T04:59:48.12284167Z level=info msg="Executing migration" id="create sso_setting table"
app-grafana           | logger=migrator t=2026-09-18T04:59:48.123324461Z level=info msg="Migration successfully executed" id="create sso_setting table" duration=482.708µs
app-grafana           | logger=migrator t=2026-09-18T04:59:48.125018086Z level=info msg="Executing migration" id="update settings column to MEDIUMTEXT"
app-grafana           | logger=migrator t=2026-09-18T04:59:48.125028503Z level=info msg="Migration successfully executed" id="update settings column to MEDIUMTEXT" duration=11.042µs
app-grafana           | logger=migrator t=2026-09-18T04:59:48.126858086Z level=info msg="Executing migration" id="copy kvstore migration status to each org"
app-grafana           | logger=migrator t=2026-09-18T04:59:48.127248378Z level=info msg="Migration successfully executed" id="copy kvstore migration status to each org" duration=390.875µs
app-grafana           | logger=migrator t=2026-09-18T04:59:48.12866042Z level=info msg="Executing migration" id="add back entry for orgid=0 migrated status"
app-grafana           | logger=migrator t=2026-09-18T04:59:48.128777753Z level=info msg="Migration successfully executed" id="add back entry for orgid=0 migrated status" duration=117.625µs
app-grafana           | logger=migrator t=2026-09-18T04:59:48.130496711Z level=info msg="Executing migration" id="managed dashboard permissions annotation actions migration"
app-grafana           | logger=migrator t=2026-09-18T04:59:48.131057336Z level=info msg="Migration successfully executed" id="managed dashboard permissions annotation actions migration" duration=560.875µs
app-grafana           | logger=migrator t=2026-09-18T04:59:48.13291317Z level=info msg="Executing migration" id="create cloud_migration table v1"
app-grafana           | logger=migrator t=2026-09-18T04:59:48.133352503Z level=info msg="Migration successfully executed" id="create cloud_migration table v1" duration=439.334µs
app-grafana           | logger=migrator t=2026-09-18T04:59:48.135237378Z level=info msg="Executing migration" id="create cloud_migration_run table v1"
app-grafana           | logger=migrator t=2026-09-18T04:59:48.135694753Z level=info msg="Migration successfully executed" id="create cloud_migration_run table v1" duration=457.292µs
app-grafana           | logger=migrator t=2026-09-18T04:59:48.137288461Z level=info msg="Executing migration" id="add stack_id column"
app-grafana           | logger=migrator t=2026-09-18T04:59:48.142239461Z level=info msg="Migration successfully executed" id="add stack_id column" duration=4.938792ms
app-grafana           | logger=migrator t=2026-09-18T04:59:48.145361878Z level=info msg="Executing migration" id="add region_slug column"
app-grafana           | logger=migrator t=2026-09-18T04:59:48.151956711Z level=info msg="Migration successfully executed" id="add region_slug column" duration=6.565875ms
app-grafana           | logger=migrator t=2026-09-18T04:59:48.15552317Z level=info msg="Executing migration" id="add cluster_slug column"
app-grafana           | logger=migrator t=2026-09-18T04:59:48.160648295Z level=info msg="Migration successfully executed" id="add cluster_slug column" duration=5.123708ms
app-grafana           | logger=migrator t=2026-09-18T04:59:48.162080753Z level=info msg="Executing migration" id="add migration uid column"
app-grafana           | logger=migrator t=2026-09-18T04:59:48.167122378Z level=info msg="Migration successfully executed" id="add migration uid column" duration=5.049667ms
app-grafana           | logger=migrator t=2026-09-18T04:59:48.169695378Z level=info msg="Executing migration" id="Update uid column values for migration"
app-grafana           | logger=migrator t=2026-09-18T04:59:48.170017253Z level=info msg="Migration successfully executed" id="Update uid column values for migration" duration=318.875µs
app-grafana           | logger=migrator t=2026-09-18T04:59:48.173366586Z level=info msg="Executing migration" id="Add unique index migration_uid"
app-grafana           | logger=migrator t=2026-09-18T04:59:48.174378128Z level=info msg="Migration successfully executed" id="Add unique index migration_uid" duration=982.5µs
app-grafana           | logger=migrator t=2026-09-18T04:59:48.177134086Z level=info msg="Executing migration" id="add migration run uid column"
app-grafana           | logger=migrator t=2026-09-18T04:59:48.181946003Z level=info msg="Migration successfully executed" id="add migration run uid column" duration=4.818708ms
app-grafana           | logger=migrator t=2026-09-18T04:59:48.183791795Z level=info msg="Executing migration" id="Update uid column values for migration run"
app-grafana           | logger=migrator t=2026-09-18T04:59:48.183863961Z level=info msg="Migration successfully executed" id="Update uid column values for migration run" duration=72.417µs
app-grafana           | logger=migrator t=2026-09-18T04:59:48.186614378Z level=info msg="Executing migration" id="Add unique index migration_run_uid"
app-grafana           | logger=migrator t=2026-09-18T04:59:48.187298878Z level=info msg="Migration successfully executed" id="Add unique index migration_run_uid" duration=673.25µs
app-grafana           | logger=migrator t=2026-09-18T04:59:48.18993417Z level=info msg="Executing migration" id="Rename table cloud_migration to cloud_migration_session_tmp_qwerty - v1"
app-grafana           | logger=migrator t=2026-09-18T04:59:48.203969628Z level=info msg="Migration successfully executed" id="Rename table cloud_migration to cloud_migration_session_tmp_qwerty - v1" duration=14.033042ms
app-grafana           | logger=migrator t=2026-09-18T04:59:48.207271503Z level=info msg="Executing migration" id="create cloud_migration_session v2"
app-grafana           | logger=migrator t=2026-09-18T04:59:48.207983836Z level=info msg="Migration successfully executed" id="create cloud_migration_session v2" duration=712.75µs
app-grafana           | logger=migrator t=2026-09-18T04:59:48.210102711Z level=info msg="Executing migration" id="create index UQE_cloud_migration_session_uid - v2"
app-grafana           | logger=migrator t=2026-09-18T04:59:48.210844753Z level=info msg="Migration successfully executed" id="create index UQE_cloud_migration_session_uid - v2" duration=734.083µs
app-grafana           | logger=migrator t=2026-09-18T04:59:48.21312342Z level=info msg="Executing migration" id="copy cloud_migration_session v1 to v2"
app-grafana           | logger=migrator t=2026-09-18T04:59:48.213392836Z level=info msg="Migration successfully executed" id="copy cloud_migration_session v1 to v2" duration=269.625µs
app-grafana           | logger=migrator t=2026-09-18T04:59:48.21563817Z level=info msg="Executing migration" id="drop cloud_migration_session_tmp_qwerty"
app-grafana           | logger=migrator t=2026-09-18T04:59:48.216269378Z level=info msg="Migration successfully executed" id="drop cloud_migration_session_tmp_qwerty" duration=643.708µs
app-grafana           | logger=migrator t=2026-09-18T04:59:48.218572545Z level=info msg="Executing migration" id="Rename table cloud_migration_run to cloud_migration_snapshot_tmp_qwerty - v1"
app-grafana           | logger=migrator t=2026-09-18T04:59:48.235331378Z level=info msg="Migration successfully executed" id="Rename table cloud_migration_run to cloud_migration_snapshot_tmp_qwerty - v1" duration=16.74725ms
app-grafana           | logger=migrator t=2026-09-18T04:59:48.23755242Z level=info msg="Executing migration" id="create cloud_migration_snapshot v2"
app-grafana           | logger=migrator t=2026-09-18T04:59:48.238147378Z level=info msg="Migration successfully executed" id="create cloud_migration_snapshot v2" duration=595.25µs
app-grafana           | logger=migrator t=2026-09-18T04:59:48.240217211Z level=info msg="Executing migration" id="create index UQE_cloud_migration_snapshot_uid - v2"
app-grafana           | logger=migrator t=2026-09-18T04:59:48.241134253Z level=info msg="Migration successfully executed" id="create index UQE_cloud_migration_snapshot_uid - v2" duration=917.125µs
app-grafana           | logger=migrator t=2026-09-18T04:59:48.243731628Z level=info msg="Executing migration" id="copy cloud_migration_snapshot v1 to v2"
app-grafana           | logger=migrator t=2026-09-18T04:59:48.243948878Z level=info msg="Migration successfully executed" id="copy cloud_migration_snapshot v1 to v2" duration=217.5µs
app-grafana           | logger=migrator t=2026-09-18T04:59:48.245516086Z level=info msg="Executing migration" id="drop cloud_migration_snapshot_tmp_qwerty"
app-grafana           | logger=migrator t=2026-09-18T04:59:48.246182045Z level=info msg="Migration successfully executed" id="drop cloud_migration_snapshot_tmp_qwerty" duration=665.834µs
app-grafana           | logger=migrator t=2026-09-18T04:59:48.24839767Z level=info msg="Executing migration" id="add snapshot upload_url column"
app-grafana           | logger=migrator t=2026-09-18T04:59:48.253529045Z level=info msg="Migration successfully executed" id="add snapshot upload_url column" duration=5.131416ms
app-grafana           | logger=migrator t=2026-09-18T04:59:48.256246128Z level=info msg="Executing migration" id="add snapshot status column"
app-grafana           | logger=migrator t=2026-09-18T04:59:48.261963711Z level=info msg="Migration successfully executed" id="add snapshot status column" duration=5.715292ms
app-grafana           | logger=migrator t=2026-09-18T04:59:48.263610503Z level=info msg="Executing migration" id="add snapshot local_directory column"
app-grafana           | logger=migrator t=2026-09-18T04:59:48.268890711Z level=info msg="Migration successfully executed" id="add snapshot local_directory column" duration=5.279791ms
app-grafana           | logger=migrator t=2026-09-18T04:59:48.270804795Z level=info msg="Executing migration" id="add snapshot gms_snapshot_uid column"
app-grafana           | logger=migrator t=2026-09-18T04:59:48.27584017Z level=info msg="Migration successfully executed" id="add snapshot gms_snapshot_uid column" duration=5.034ms
app-grafana           | logger=migrator t=2026-09-18T04:59:48.278147211Z level=info msg="Executing migration" id="add snapshot encryption_key column"
app-grafana           | logger=migrator t=2026-09-18T04:59:48.283152211Z level=info msg="Migration successfully executed" id="add snapshot encryption_key column" duration=5.003958ms
app-grafana           | logger=migrator t=2026-09-18T04:59:48.285102295Z level=info msg="Executing migration" id="add snapshot error_string column"
app-grafana           | logger=migrator t=2026-09-18T04:59:48.289869003Z level=info msg="Migration successfully executed" id="add snapshot error_string column" duration=4.766042ms
app-grafana           | logger=migrator t=2026-09-18T04:59:48.291837795Z level=info msg="Executing migration" id="create cloud_migration_resource table v1"
app-grafana           | logger=migrator t=2026-09-18T04:59:48.29231817Z level=info msg="Migration successfully executed" id="create cloud_migration_resource table v1" duration=480.042µs
app-grafana           | logger=migrator t=2026-09-18T04:59:48.294041628Z level=info msg="Executing migration" id="delete cloud_migration_snapshot.result column"
app-grafana           | logger=migrator t=2026-09-18T04:59:48.318010878Z level=info msg="Migration successfully executed" id="delete cloud_migration_snapshot.result column" duration=23.955916ms
app-grafana           | logger=migrator t=2026-09-18T04:59:48.321349961Z level=info msg="Executing migration" id="add cloud_migration_resource.name column"
app-grafana           | logger=migrator t=2026-09-18T04:59:48.327449545Z level=info msg="Migration successfully executed" id="add cloud_migration_resource.name column" duration=6.089125ms
app-grafana           | logger=migrator t=2026-09-18T04:59:48.329296836Z level=info msg="Executing migration" id="add cloud_migration_resource.parent_name column"
app-grafana           | logger=migrator t=2026-09-18T04:59:48.334672128Z level=info msg="Migration successfully executed" id="add cloud_migration_resource.parent_name column" duration=5.379042ms
app-grafana           | logger=migrator t=2026-09-18T04:59:48.33684992Z level=info msg="Executing migration" id="add cloud_migration_session.org_id column"
app-grafana           | logger=migrator t=2026-09-18T04:59:48.342387545Z level=info msg="Migration successfully executed" id="add cloud_migration_session.org_id column" duration=5.536001ms
app-grafana           | logger=migrator t=2026-09-18T04:59:48.344819337Z level=info msg="Executing migration" id="add cloud_migration_resource.error_code column"
app-grafana           | logger=migrator t=2026-09-18T04:59:48.353239587Z level=info msg="Migration successfully executed" id="add cloud_migration_resource.error_code column" duration=8.4195ms
app-grafana           | logger=migrator t=2026-09-18T04:59:48.355471003Z level=info msg="Executing migration" id="increase resource_uid column length"
app-grafana           | logger=migrator t=2026-09-18T04:59:48.355492045Z level=info msg="Migration successfully executed" id="increase resource_uid column length" duration=30.959µs
app-grafana           | logger=migrator t=2026-09-18T04:59:48.357687962Z level=info msg="Executing migration" id="create cloud_migration_snapshot_partition table v1"
app-grafana           | logger=migrator t=2026-09-18T04:59:48.358607753Z level=info msg="Migration successfully executed" id="create cloud_migration_snapshot_partition table v1" duration=930.292µs
app-grafana           | logger=migrator t=2026-09-18T04:59:48.36243117Z level=info msg="Executing migration" id="add cloud_migration_snapshot_partition srp_unique index"
app-grafana           | logger=migrator t=2026-09-18T04:59:48.363578128Z level=info msg="Migration successfully executed" id="add cloud_migration_snapshot_partition srp_unique index" duration=1.147292ms
app-grafana           | logger=migrator t=2026-09-18T04:59:48.365866587Z level=info msg="Executing migration" id="add resource_storage_type column to cloud_migration_snapshot table"
app-grafana           | logger=migrator t=2026-09-18T04:59:48.371737503Z level=info msg="Migration successfully executed" id="add resource_storage_type column to cloud_migration_snapshot table" duration=5.865834ms
app-grafana           | logger=migrator t=2026-09-18T04:59:48.374372003Z level=info msg="Executing migration" id="add encryption_algo column to cloud_migration_snapshot table"
app-grafana           | logger=migrator t=2026-09-18T04:59:48.380349795Z level=info msg="Migration successfully executed" id="add encryption_algo column to cloud_migration_snapshot table" duration=5.977125ms
app-grafana           | logger=migrator t=2026-09-18T04:59:48.382497587Z level=info msg="Executing migration" id="add metadata column to cloud_migration_snapshot table"
app-grafana           | logger=migrator t=2026-09-18T04:59:48.387996587Z level=info msg="Migration successfully executed" id="add metadata column to cloud_migration_snapshot table" duration=5.498917ms
app-grafana           | logger=migrator t=2026-09-18T04:59:48.389681295Z level=info msg="Executing migration" id="add public_key column to cloud_migration_snapshot table"
app-grafana           | logger=migrator t=2026-09-18T04:59:48.394791337Z level=info msg="Migration successfully executed" id="add public_key column to cloud_migration_snapshot table" duration=5.109ms
app-grafana           | logger=migrator t=2026-09-18T04:59:48.396901962Z level=info msg="Executing migration" id="alter kv_store.value to longtext"
app-grafana           | logger=migrator t=2026-09-18T04:59:48.396920462Z level=info msg="Migration successfully executed" id="alter kv_store.value to longtext" duration=19.583µs
app-grafana           | logger=migrator t=2026-09-18T04:59:48.399735087Z level=info msg="Executing migration" id="add notification_settings column to alert_rule table"
app-grafana           | logger=migrator t=2026-09-18T04:59:48.405719003Z level=info msg="Migration successfully executed" id="add notification_settings column to alert_rule table" duration=5.980958ms
app-grafana           | logger=migrator t=2026-09-18T04:59:48.408454295Z level=info msg="Executing migration" id="add notification_settings column to alert_rule_version table"
app-grafana           | logger=migrator t=2026-09-18T04:59:48.414550712Z level=info msg="Migration successfully executed" id="add notification_settings column to alert_rule_version table" duration=6.096875ms
app-grafana           | logger=migrator t=2026-09-18T04:59:48.416312712Z level=info msg="Executing migration" id="removing scope from alert.instances:read action migration"
app-grafana           | logger=migrator t=2026-09-18T04:59:48.416508628Z level=info msg="Migration successfully executed" id="removing scope from alert.instances:read action migration" duration=195.667µs
app-grafana           | logger=migrator t=2026-09-18T04:59:48.417825337Z level=info msg="Executing migration" id="managed folder permissions alerting silences actions migration"
app-grafana           | logger=migrator t=2026-09-18T04:59:48.41795192Z level=info msg="Migration successfully executed" id="managed folder permissions alerting silences actions migration" duration=126.333µs
app-grafana           | logger=migrator t=2026-09-18T04:59:48.419767795Z level=info msg="Executing migration" id="add record column to alert_rule table"
app-grafana           | logger=migrator t=2026-09-18T04:59:48.424807503Z level=info msg="Migration successfully executed" id="add record column to alert_rule table" duration=5.039833ms
app-grafana           | logger=migrator t=2026-09-18T04:59:48.426113753Z level=info msg="Executing migration" id="add record column to alert_rule_version table"
app-grafana           | logger=migrator t=2026-09-18T04:59:48.432267503Z level=info msg="Migration successfully executed" id="add record column to alert_rule_version table" duration=6.152792ms
app-grafana           | logger=migrator t=2026-09-18T04:59:48.434551753Z level=info msg="Executing migration" id="add resolved_at column to alert_instance table"
app-grafana           | logger=migrator t=2026-09-18T04:59:48.440462045Z level=info msg="Migration successfully executed" id="add resolved_at column to alert_instance table" duration=5.909ms
app-grafana           | logger=migrator t=2026-09-18T04:59:48.443239462Z level=info msg="Executing migration" id="add last_sent_at column to alert_instance table"
app-grafana           | logger=migrator t=2026-09-18T04:59:48.451968503Z level=info msg="Migration successfully executed" id="add last_sent_at column to alert_instance table" duration=8.722125ms
app-grafana           | logger=migrator t=2026-09-18T04:59:48.455253253Z level=info msg="Executing migration" id="Add scope to alert.notifications.receivers:read and alert.notifications.receivers.secrets:read"
app-grafana           | logger=migrator t=2026-09-18T04:59:48.455802878Z level=info msg="Migration successfully executed" id="Add scope to alert.notifications.receivers:read and alert.notifications.receivers.secrets:read" duration=549.75µs
app-grafana           | logger=migrator t=2026-09-18T04:59:48.458711128Z level=info msg="Executing migration" id="add metadata column to alert_rule table"
app-grafana           | logger=migrator t=2026-09-18T04:59:48.466693628Z level=info msg="Migration successfully executed" id="add metadata column to alert_rule table" duration=7.9805ms
app-grafana           | logger=migrator t=2026-09-18T04:59:48.468396545Z level=info msg="Executing migration" id="add metadata column to alert_rule_version table"
app-grafana           | logger=migrator t=2026-09-18T04:59:48.473510045Z level=info msg="Migration successfully executed" id="add metadata column to alert_rule_version table" duration=5.112625ms
app-grafana           | logger=migrator t=2026-09-18T04:59:48.47605942Z level=info msg="Executing migration" id="delete orphaned service account permissions"
app-grafana           | logger=migrator t=2026-09-18T04:59:48.47632642Z level=info msg="Migration successfully executed" id="delete orphaned service account permissions" duration=270.875µs
app-grafana           | logger=migrator t=2026-09-18T04:59:48.483250128Z level=info msg="Executing migration" id="adding action set permissions"
app-grafana           | logger=migrator t=2026-09-18T04:59:48.483882295Z level=info msg="Migration successfully executed" id="adding action set permissions" duration=617.334µs
app-grafana           | logger=migrator t=2026-09-18T04:59:48.486659337Z level=info msg="Executing migration" id="create user_external_session table"
app-grafana           | logger=migrator t=2026-09-18T04:59:48.487299003Z level=info msg="Migration successfully executed" id="create user_external_session table" duration=646.417µs
app-grafana           | logger=migrator t=2026-09-18T04:59:48.489115795Z level=info msg="Executing migration" id="increase name_id column length to 1024"
app-grafana           | logger=migrator t=2026-09-18T04:59:48.489127878Z level=info msg="Migration successfully executed" id="increase name_id column length to 1024" duration=12.5µs
app-grafana           | logger=migrator t=2026-09-18T04:59:48.491310545Z level=info msg="Executing migration" id="increase session_id column length to 1024"
app-grafana           | logger=migrator t=2026-09-18T04:59:48.49133017Z level=info msg="Migration successfully executed" id="increase session_id column length to 1024" duration=20µs
app-grafana           | logger=migrator t=2026-09-18T04:59:48.494027045Z level=info msg="Executing migration" id="remove scope from alert.notifications.receivers:create"
app-grafana           | logger=migrator t=2026-09-18T04:59:48.494340212Z level=info msg="Migration successfully executed" id="remove scope from alert.notifications.receivers:create" duration=313.375µs
app-grafana           | logger=migrator t=2026-09-18T04:59:48.496079212Z level=info msg="Executing migration" id="add created_by column to alert_rule_version table"
app-grafana           | logger=migrator t=2026-09-18T04:59:48.501971128Z level=info msg="Migration successfully executed" id="add created_by column to alert_rule_version table" duration=5.89ms
app-grafana           | logger=migrator t=2026-09-18T04:59:48.504950253Z level=info msg="Executing migration" id="add updated_by column to alert_rule table"
app-grafana           | logger=migrator t=2026-09-18T04:59:48.511140462Z level=info msg="Migration successfully executed" id="add updated_by column to alert_rule table" duration=6.179916ms
app-grafana           | logger=migrator t=2026-09-18T04:59:48.51396817Z level=info msg="Executing migration" id="add alert_rule_state table"
app-grafana           | logger=migrator t=2026-09-18T04:59:48.514531128Z level=info msg="Migration successfully executed" id="add alert_rule_state table" duration=562.917µs
app-grafana           | logger=migrator t=2026-09-18T04:59:48.516589295Z level=info msg="Executing migration" id="add index to alert_rule_state on org_id and rule_uid columns"
app-grafana           | logger=migrator t=2026-09-18T04:59:48.517714128Z level=info msg="Migration successfully executed" id="add index to alert_rule_state on org_id and rule_uid columns" duration=1.124458ms
app-grafana           | logger=migrator t=2026-09-18T04:59:48.520923795Z level=info msg="Executing migration" id="add guid column to alert_rule table"
app-grafana           | logger=migrator t=2026-09-18T04:59:48.527774295Z level=info msg="Migration successfully executed" id="add guid column to alert_rule table" duration=6.849416ms
app-grafana           | logger=migrator t=2026-09-18T04:59:48.531037503Z level=info msg="Executing migration" id="add rule_guid column to alert_rule_version table"
app-grafana           | logger=migrator t=2026-09-18T04:59:48.537728753Z level=info msg="Migration successfully executed" id="add rule_guid column to alert_rule_version table" duration=6.690792ms
app-grafana           | logger=migrator t=2026-09-18T04:59:48.540362295Z level=info msg="Executing migration" id="cleanup alert_rule_version table"
app-grafana           | logger=migrator t=2026-09-18T04:59:48.540404045Z level=info msg="Rule version record limit is not set, fallback to 100" limit=0
app-grafana           | logger=migrator t=2026-09-18T04:59:48.540657295Z level=info msg="Cleaning up table `alert_rule_version`" batchSize=50 batches=0 keepVersions=100
app-grafana           | logger=migrator t=2026-09-18T04:59:48.54067467Z level=info msg="Migration successfully executed" id="cleanup alert_rule_version table" duration=312.583µs
app-grafana           | logger=migrator t=2026-09-18T04:59:48.54359892Z level=info msg="Executing migration" id="populate rule guid in alert rule table"
app-grafana           | logger=migrator t=2026-09-18T04:59:48.544145378Z level=info msg="Migration successfully executed" id="populate rule guid in alert rule table" duration=546.5µs
app-grafana           | logger=migrator t=2026-09-18T04:59:48.546065753Z level=info msg="Executing migration" id="drop index in alert_rule_version table on rule_org_id, rule_uid and version columns"
app-grafana           | logger=migrator t=2026-09-18T04:59:48.546848712Z level=info msg="Migration successfully executed" id="drop index in alert_rule_version table on rule_org_id, rule_uid and version columns" duration=783µs
app-grafana           | logger=migrator t=2026-09-18T04:59:48.549956253Z level=info msg="Executing migration" id="add index in alert_rule_version table on rule_org_id, rule_uid, rule_guid and version columns"
app-grafana           | logger=migrator t=2026-09-18T04:59:48.551016462Z level=info msg="Migration successfully executed" id="add index in alert_rule_version table on rule_org_id, rule_uid, rule_guid and version columns" duration=1.060708ms
app-grafana           | logger=migrator t=2026-09-18T04:59:48.55417317Z level=info msg="Executing migration" id="add index in alert_rule_version table on rule_guid and version columns"
app-grafana           | logger=migrator t=2026-09-18T04:59:48.55502092Z level=info msg="Migration successfully executed" id="add index in alert_rule_version table on rule_guid and version columns" duration=847.792µs
app-grafana           | logger=migrator t=2026-09-18T04:59:48.556850503Z level=info msg="Executing migration" id="add index in alert_rule table on guid columns"
app-grafana           | logger=migrator t=2026-09-18T04:59:48.55756642Z level=info msg="Migration successfully executed" id="add index in alert_rule table on guid columns" duration=715.542µs
app-grafana           | logger=migrator t=2026-09-18T04:59:48.559116212Z level=info msg="Executing migration" id="add keep_firing_for column to alert_rule"
app-grafana           | logger=migrator t=2026-09-18T04:59:48.565590212Z level=info msg="Migration successfully executed" id="add keep_firing_for column to alert_rule" duration=6.472792ms
app-grafana           | logger=migrator t=2026-09-18T04:59:48.567838712Z level=info msg="Executing migration" id="add keep_firing_for column to alert_rule_version"
app-grafana           | logger=migrator t=2026-09-18T04:59:48.572875295Z level=info msg="Migration successfully executed" id="add keep_firing_for column to alert_rule_version" duration=5.036666ms
app-grafana           | logger=migrator t=2026-09-18T04:59:48.574474045Z level=info msg="Executing migration" id="add missing_series_evals_to_resolve column to alert_rule"
app-grafana           | logger=migrator t=2026-09-18T04:59:48.579669545Z level=info msg="Migration successfully executed" id="add missing_series_evals_to_resolve column to alert_rule" duration=5.194833ms
app-grafana           | logger=migrator t=2026-09-18T04:59:48.58153267Z level=info msg="Executing migration" id="add missing_series_evals_to_resolve column to alert_rule_version"
app-grafana           | logger=migrator t=2026-09-18T04:59:48.586776003Z level=info msg="Migration successfully executed" id="add missing_series_evals_to_resolve column to alert_rule_version" duration=5.24275ms
app-grafana           | logger=migrator t=2026-09-18T04:59:48.589720878Z level=info msg="Executing migration" id="remove the datasources:drilldown action"
app-grafana           | logger=migrator t=2026-09-18T04:59:48.58985317Z level=info msg="Removed 0 datasources:drilldown permissions"
app-grafana           | logger=migrator t=2026-09-18T04:59:48.589863962Z level=info msg="Migration successfully executed" id="remove the datasources:drilldown action" duration=144µs
app-grafana           | logger=migrator t=2026-09-18T04:59:48.592022003Z level=info msg="Executing migration" id="remove title in folder unique index"
app-grafana           | logger=migrator t=2026-09-18T04:59:48.592883378Z level=info msg="Migration successfully executed" id="remove title in folder unique index" duration=861.5µs
app-grafana           | logger=migrator t=2026-09-18T04:59:48.594406045Z level=info msg="Executing migration" id="add fired_at column to alert_instance table"
app-grafana           | logger=migrator t=2026-09-18T04:59:48.599882253Z level=info msg="Migration successfully executed" id="add fired_at column to alert_instance table" duration=5.475916ms
app-grafana           | logger=migrator t=2026-09-18T04:59:48.601966045Z level=info msg="Executing migration" id="add 'alert.notifications.receivers.protected:write' to receiver admins"
app-grafana           | logger=migrator t=2026-09-18T04:59:48.602234212Z level=info msg="Migration successfully executed" id="add 'alert.notifications.receivers.protected:write' to receiver admins" duration=269.709µs
app-grafana           | logger=migrator t=2026-09-18T04:59:48.604454295Z level=info msg="migrations completed" performed=690 skipped=0 duration=2.860668126s
app-grafana           | logger=migrator t=2026-09-18T04:59:48.604826962Z level=info msg="Unlocking database"
app-grafana           | logger=sqlstore t=2026-09-18T04:59:48.618571253Z level=info msg="Created default admin" user=dev
app-grafana           | logger=sqlstore t=2026-09-18T04:59:48.61875292Z level=info msg="Created default organization"
app-grafana           | logger=secrets t=2026-09-18T04:59:48.622860045Z level=info msg="Envelope encryption state" enabled=true currentprovider=secretKey.v1
app-grafana           | logger=plugin.angulardetectorsprovider.dynamic t=2026-09-18T04:59:48.707394628Z level=info msg="Restored cache from database" duration=395.166µs
app-grafana           | logger=accesscontrol.service t=2026-09-18T04:59:48.71303992Z level=info msg="Starting migration to remove deprecated permissions" migration=removeDeprecatedPermissions
app-grafana           | logger=accesscontrol.service t=2026-09-18T04:59:48.713230378Z level=info msg="Completed migration to remove deprecated permissions" migration=removeDeprecatedPermissions totalRemoved=0 duration=190.667µs
app-grafana           | logger=secret-migrator t=2026-09-18T04:59:48.714069795Z level=info msg="Locking database"
app-grafana           | logger=secret-migrator t=2026-09-18T04:59:48.714082087Z level=info msg="Starting DB migrations"
app-grafana           | logger=secret-migrator t=2026-09-18T04:59:48.714737003Z level=info msg="Executing migration" id="create secret_migration_log table"
app-grafana           | logger=secret-migrator t=2026-09-18T04:59:48.715229253Z level=info msg="Migration successfully executed" id="create secret_migration_log table" duration=491.084µs
app-grafana           | logger=secret-migrator t=2026-09-18T04:59:48.71784392Z level=info msg="Executing migration" id="Initialize secrets tables"
app-grafana           | logger=secret-migrator t=2026-09-18T04:59:48.717857045Z level=info msg="Migration successfully executed" id="Initialize secrets tables" duration=12.666µs
app-grafana           | logger=secret-migrator t=2026-09-18T04:59:48.719125462Z level=info msg="Executing migration" id="drop table secret_secure_value"
app-grafana           | logger=secret-migrator t=2026-09-18T04:59:48.71917792Z level=info msg="Migration successfully executed" id="drop table secret_secure_value" duration=52.875µs
app-grafana           | logger=secret-migrator t=2026-09-18T04:59:48.720535128Z level=info msg="Executing migration" id="create table secret_secure_value"
app-grafana           | logger=secret-migrator t=2026-09-18T04:59:48.72110267Z level=info msg="Migration successfully executed" id="create table secret_secure_value" duration=568.459µs
app-grafana           | logger=secret-migrator t=2026-09-18T04:59:48.723750045Z level=info msg="Executing migration" id="create table secret_secure_value, index: 0"
app-grafana           | logger=secret-migrator t=2026-09-18T04:59:48.724488878Z level=info msg="Migration successfully executed" id="create table secret_secure_value, index: 0" duration=739.042µs
app-grafana           | logger=secret-migrator t=2026-09-18T04:59:48.725675795Z level=info msg="Executing migration" id="create table secret_secure_value, index: 1"
app-grafana           | logger=secret-migrator t=2026-09-18T04:59:48.72637817Z level=info msg="Migration successfully executed" id="create table secret_secure_value, index: 1" duration=701.5µs
app-grafana           | logger=secret-migrator t=2026-09-18T04:59:48.72874917Z level=info msg="Executing migration" id="drop table secret_keeper"
app-grafana           | logger=secret-migrator t=2026-09-18T04:59:48.728781878Z level=info msg="Migration successfully executed" id="drop table secret_keeper" duration=33µs
app-grafana           | logger=secret-migrator t=2026-09-18T04:59:48.730285753Z level=info msg="Executing migration" id="create table secret_keeper"
app-grafana           | logger=secret-migrator t=2026-09-18T04:59:48.73082867Z level=info msg="Migration successfully executed" id="create table secret_keeper" duration=543.708µs
app-grafana           | logger=secret-migrator t=2026-09-18T04:59:48.732378837Z level=info msg="Executing migration" id="create table secret_keeper, index: 0"
app-grafana           | logger=secret-migrator t=2026-09-18T04:59:48.733031753Z level=info msg="Migration successfully executed" id="create table secret_keeper, index: 0" duration=651.542µs
app-grafana           | logger=secret-migrator t=2026-09-18T04:59:48.734535712Z level=info msg="Executing migration" id="drop table secret_data_key"
app-grafana           | logger=secret-migrator t=2026-09-18T04:59:48.734566753Z level=info msg="Migration successfully executed" id="drop table secret_data_key" duration=31.417µs
app-grafana           | logger=secret-migrator t=2026-09-18T04:59:48.736236128Z level=info msg="Executing migration" id="create table secret_data_key"
app-grafana           | logger=secret-migrator t=2026-09-18T04:59:48.736668212Z level=info msg="Migration successfully executed" id="create table secret_data_key" duration=431.834µs
app-grafana           | logger=secret-migrator t=2026-09-18T04:59:48.737927628Z level=info msg="Executing migration" id="drop table secret_encrypted_value"
app-grafana           | logger=secret-migrator t=2026-09-18T04:59:48.737956545Z level=info msg="Migration successfully executed" id="drop table secret_encrypted_value" duration=29.167µs
app-grafana           | logger=secret-migrator t=2026-09-18T04:59:48.73966817Z level=info msg="Executing migration" id="create table secret_encrypted_value"
app-grafana           | logger=secret-migrator t=2026-09-18T04:59:48.74006117Z level=info msg="Migration successfully executed" id="create table secret_encrypted_value" duration=392.708µs
app-grafana           | logger=secret-migrator t=2026-09-18T04:59:48.742033962Z level=info msg="Executing migration" id="create table secret_encrypted_value, index: 0"
app-grafana           | logger=secret-migrator t=2026-09-18T04:59:48.742651295Z level=info msg="Migration successfully executed" id="create table secret_encrypted_value, index: 0" duration=616.458µs
app-grafana           | logger=secret-migrator t=2026-09-18T04:59:48.744328962Z level=info msg="Executing migration" id="create index for list on secret_secure_value"
app-grafana           | logger=secret-migrator t=2026-09-18T04:59:48.744900253Z level=info msg="Migration successfully executed" id="create index for list on secret_secure_value" duration=571.209µs
app-grafana           | logger=secret-migrator t=2026-09-18T04:59:48.746696545Z level=info msg="Executing migration" id="create index for list and read current on secret_data_key"
app-grafana           | logger=secret-migrator t=2026-09-18T04:59:48.747311253Z level=info msg="Migration successfully executed" id="create index for list and read current on secret_data_key" duration=614.291µs
app-grafana           | logger=secret-migrator t=2026-09-18T04:59:48.749757712Z level=info msg="Executing migration" id="add owner_reference_api_group column to secret_secure_value"
app-grafana           | logger=secret-migrator t=2026-09-18T04:59:48.754755378Z level=info msg="Migration successfully executed" id="add owner_reference_api_group column to secret_secure_value" duration=4.99675ms
app-grafana           | logger=secret-migrator t=2026-09-18T04:59:48.756759795Z level=info msg="Executing migration" id="add owner_reference_api_version column to secret_secure_value"
app-grafana           | logger=secret-migrator t=2026-09-18T04:59:48.76185867Z level=info msg="Migration successfully executed" id="add owner_reference_api_version column to secret_secure_value" duration=5.100709ms
app-grafana           | logger=secret-migrator t=2026-09-18T04:59:48.763654545Z level=info msg="Executing migration" id="add owner_reference_kind column to secret_secure_value"
app-grafana           | logger=secret-migrator t=2026-09-18T04:59:48.76924167Z level=info msg="Migration successfully executed" id="add owner_reference_kind column to secret_secure_value" duration=5.583958ms
app-grafana           | logger=secret-migrator t=2026-09-18T04:59:48.772111795Z level=info msg="Executing migration" id="add owner_reference_name column to secret_secure_value"
app-grafana           | logger=secret-migrator t=2026-09-18T04:59:48.778223837Z level=info msg="Migration successfully executed" id="add owner_reference_name column to secret_secure_value" duration=6.110417ms
app-grafana           | logger=secret-migrator t=2026-09-18T04:59:48.78122842Z level=info msg="Executing migration" id="add lease_token column to secret_secure_value"
app-grafana           | logger=secret-migrator t=2026-09-18T04:59:48.786796045Z level=info msg="Migration successfully executed" id="add lease_token column to secret_secure_value" duration=5.567583ms
app-grafana           | logger=secret-migrator t=2026-09-18T04:59:48.788649462Z level=info msg="Executing migration" id="add lease_token index to secret_secure_value"
app-grafana           | logger=secret-migrator t=2026-09-18T04:59:48.789318295Z level=info msg="Migration successfully executed" id="add lease_token index to secret_secure_value" duration=668.917µs
app-grafana           | logger=secret-migrator t=2026-09-18T04:59:48.791067128Z level=info msg="Executing migration" id="add lease_created column to secret_secure_value"
app-grafana           | logger=secret-migrator t=2026-09-18T04:59:48.796552878Z level=info msg="Migration successfully executed" id="add lease_created column to secret_secure_value" duration=5.485125ms
app-grafana           | logger=secret-migrator t=2026-09-18T04:59:48.798523378Z level=info msg="Executing migration" id="add lease_created index to secret_secure_value"
app-grafana           | logger=secret-migrator t=2026-09-18T04:59:48.79936242Z level=info msg="Migration successfully executed" id="add lease_created index to secret_secure_value" duration=839.125µs
app-grafana           | logger=secret-migrator t=2026-09-18T04:59:48.801631837Z level=info msg="Executing migration" id="add data_key_id column to secret_encrypted_value"
app-grafana           | logger=secret-migrator t=2026-09-18T04:59:48.807134253Z level=info msg="Migration successfully executed" id="add data_key_id column to secret_encrypted_value" duration=5.501583ms
app-grafana           | logger=secret-migrator t=2026-09-18T04:59:48.80970442Z level=info msg="Executing migration" id="add data_key_id index to secret_encrypted_value"
app-grafana           | logger=secret-migrator t=2026-09-18T04:59:48.810431003Z level=info msg="Migration successfully executed" id="add data_key_id index to secret_encrypted_value" duration=726.209µs
app-grafana           | logger=secret-migrator t=2026-09-18T04:59:48.812945878Z level=info msg="migrations completed" performed=26 skipped=0 duration=98.236458ms
app-grafana           | logger=secret-migrator t=2026-09-18T04:59:48.813347295Z level=info msg="Unlocking database"
app-grafana           | logger=resource-db t=2026-09-18T04:59:48.820833878Z level=info msg="Using database section" db_type=sqlite3
app-grafana           | logger=resource-db t=2026-09-18T04:59:48.820970753Z level=info msg="Initializing Resource DB" db_type=sqlite3 open_conn=0 in_use_conn=0 idle_conn=0 max_open_conn=0
app-grafana           | logger=resource-migrator t=2026-09-18T04:59:48.827680712Z level=info msg="Locking database"
app-grafana           | logger=resource-migrator t=2026-09-18T04:59:48.827711628Z level=info msg="Starting DB migrations"
app-grafana           | logger=resource-migrator t=2026-09-18T04:59:48.836186545Z level=info msg="Executing migration" id="create resource_migration_log table"
app-grafana           | logger=resource-migrator t=2026-09-18T04:59:48.838245378Z level=info msg="Migration successfully executed" id="create resource_migration_log table" duration=2.059875ms
app-grafana           | logger=resource-migrator t=2026-09-18T04:59:48.841266253Z level=info msg="Executing migration" id="Initialize resource tables"
app-grafana           | logger=resource-migrator t=2026-09-18T04:59:48.84128167Z level=info msg="Migration successfully executed" id="Initialize resource tables" duration=12.916µs
app-grafana           | logger=resource-migrator t=2026-09-18T04:59:48.843536378Z level=info msg="Executing migration" id="drop table resource"
app-grafana           | logger=resource-migrator t=2026-09-18T04:59:48.843603795Z level=info msg="Migration successfully executed" id="drop table resource" duration=67.375µs
app-grafana           | logger=resource-migrator t=2026-09-18T04:59:48.846089962Z level=info msg="Executing migration" id="create table resource"
app-grafana           | logger=resource-migrator t=2026-09-18T04:59:48.848157628Z level=info msg="Migration successfully executed" id="create table resource" duration=2.064709ms
app-grafana           | logger=resource-migrator t=2026-09-18T04:59:48.85422117Z level=info msg="Executing migration" id="create table resource, index: 0"
app-grafana           | logger=resource-migrator t=2026-09-18T04:59:48.856001878Z level=info msg="Migration successfully executed" id="create table resource, index: 0" duration=1.782958ms
app-grafana           | logger=resource-migrator t=2026-09-18T04:59:48.859010212Z level=info msg="Executing migration" id="drop table resource_history"
app-grafana           | logger=resource-migrator t=2026-09-18T04:59:48.859122962Z level=info msg="Migration successfully executed" id="drop table resource_history" duration=114.333µs
app-grafana           | logger=resource-migrator t=2026-09-18T04:59:48.864373962Z level=info msg="Executing migration" id="create table resource_history"
app-grafana           | logger=resource-migrator t=2026-09-18T04:59:48.866195587Z level=info msg="Migration successfully executed" id="create table resource_history" duration=1.823417ms
app-grafana           | logger=resource-migrator t=2026-09-18T04:59:48.871727545Z level=info msg="Executing migration" id="create table resource_history, index: 0"
app-grafana           | logger=resource-migrator t=2026-09-18T04:59:48.872912295Z level=info msg="Migration successfully executed" id="create table resource_history, index: 0" duration=1.176916ms
app-grafana           | logger=resource-migrator t=2026-09-18T04:59:48.875965003Z level=info msg="Executing migration" id="create table resource_history, index: 1"
app-grafana           | logger=resource-migrator t=2026-09-18T04:59:48.876985212Z level=info msg="Migration successfully executed" id="create table resource_history, index: 1" duration=1.02ms
app-grafana           | logger=resource-migrator t=2026-09-18T04:59:48.880537295Z level=info msg="Executing migration" id="drop table resource_version"
app-grafana           | logger=resource-migrator t=2026-09-18T04:59:48.880707962Z level=info msg="Migration successfully executed" id="drop table resource_version" duration=172.791µs
app-grafana           | logger=resource-migrator t=2026-09-18T04:59:48.883381795Z level=info msg="Executing migration" id="create table resource_version"
app-grafana           | logger=resource-migrator t=2026-09-18T04:59:48.884001753Z level=info msg="Migration successfully executed" id="create table resource_version" duration=621.334µs
app-grafana           | logger=resource-migrator t=2026-09-18T04:59:48.886534587Z level=info msg="Executing migration" id="create table resource_version, index: 0"
app-grafana           | logger=resource-migrator t=2026-09-18T04:59:48.887454295Z level=info msg="Migration successfully executed" id="create table resource_version, index: 0" duration=912.875µs
app-grafana           | logger=resource-migrator t=2026-09-18T04:59:48.889896462Z level=info msg="Executing migration" id="drop table resource_blob"
app-grafana           | logger=resource-migrator t=2026-09-18T04:59:48.889956045Z level=info msg="Migration successfully executed" id="drop table resource_blob" duration=60.875µs
app-grafana           | logger=resource-migrator t=2026-09-18T04:59:48.891993337Z level=info msg="Executing migration" id="create table resource_blob"
app-grafana           | logger=resource-migrator t=2026-09-18T04:59:48.892828337Z level=info msg="Migration successfully executed" id="create table resource_blob" duration=835.333µs
app-grafana           | logger=resource-migrator t=2026-09-18T04:59:48.894323962Z level=info msg="Executing migration" id="create table resource_blob, index: 0"
app-grafana           | logger=resource-migrator t=2026-09-18T04:59:48.895149628Z level=info msg="Migration successfully executed" id="create table resource_blob, index: 0" duration=825.834µs
app-grafana           | logger=resource-migrator t=2026-09-18T04:59:48.898807128Z level=info msg="Executing migration" id="create table resource_blob, index: 1"
app-grafana           | logger=resource-migrator t=2026-09-18T04:59:48.899902837Z level=info msg="Migration successfully executed" id="create table resource_blob, index: 1" duration=1.093291ms
app-grafana           | logger=resource-migrator t=2026-09-18T04:59:48.903477462Z level=info msg="Executing migration" id="drop table resource_last_import_time"
app-grafana           | logger=resource-migrator t=2026-09-18T04:59:48.903549962Z level=info msg="Migration successfully executed" id="drop table resource_last_import_time" duration=72.917µs
app-grafana           | logger=resource-migrator t=2026-09-18T04:59:48.910979212Z level=info msg="Executing migration" id="create table resource_last_import_time"
app-grafana           | logger=resource-migrator t=2026-09-18T04:59:48.911877545Z level=info msg="Migration successfully executed" id="create table resource_last_import_time" duration=898.875µs
app-grafana           | logger=resource-migrator t=2026-09-18T04:59:48.915468212Z level=info msg="Executing migration" id="Add column previous_resource_version in resource_history"
app-grafana           | logger=resource-migrator t=2026-09-18T04:59:48.924452795Z level=info msg="Migration successfully executed" id="Add column previous_resource_version in resource_history" duration=8.983916ms
app-grafana           | logger=resource-migrator t=2026-09-18T04:59:48.928318878Z level=info msg="Executing migration" id="Add column previous_resource_version in resource"
app-grafana           | logger=resource-migrator t=2026-09-18T04:59:48.950795295Z level=info msg="Migration successfully executed" id="Add column previous_resource_version in resource" duration=22.465417ms
app-grafana           | logger=resource-migrator t=2026-09-18T04:59:48.955481087Z level=info msg="Executing migration" id="Add index to resource_history for polling"
app-grafana           | logger=resource-migrator t=2026-09-18T04:59:48.957965378Z level=info msg="Migration successfully executed" id="Add index to resource_history for polling" duration=2.48475ms
app-grafana           | logger=resource-migrator t=2026-09-18T04:59:48.964314587Z level=info msg="Executing migration" id="Add index to resource for loading"
app-grafana           | logger=resource-migrator t=2026-09-18T04:59:48.967004295Z level=info msg="Migration successfully executed" id="Add index to resource for loading" duration=2.695084ms
app-grafana           | logger=resource-migrator t=2026-09-18T04:59:48.970488628Z level=info msg="Executing migration" id="Add column folder in resource_history"
app-grafana           | logger=resource-migrator t=2026-09-18T04:59:48.989767045Z level=info msg="Migration successfully executed" id="Add column folder in resource_history" duration=19.265375ms
app-grafana           | logger=resource-migrator t=2026-09-18T04:59:49.004007337Z level=info msg="Executing migration" id="Add column folder in resource"
app-grafana           | logger=resource-migrator t=2026-09-18T04:59:49.038523795Z level=info msg="Migration successfully executed" id="Add column folder in resource" duration=34.510876ms
app-grafana           | logger=resource-migrator t=2026-09-18T04:59:49.042848879Z level=info msg="Executing migration" id="Migrate DeletionMarkers to real Resource objects"
app-grafana           | logger=deletion-marker-migrator t=2026-09-18T04:59:49.042977462Z level=info msg="finding any deletion markers"
app-grafana           | logger=resource-migrator t=2026-09-18T04:59:49.043856462Z level=info msg="Migration successfully executed" id="Migrate DeletionMarkers to real Resource objects" duration=1.007ms
app-grafana           | logger=resource-migrator t=2026-09-18T04:59:49.049773545Z level=info msg="Executing migration" id="Add index to resource_history for get trash"
app-grafana           | logger=resource-migrator t=2026-09-18T04:59:49.052406212Z level=info msg="Migration successfully executed" id="Add index to resource_history for get trash" duration=2.632541ms
app-grafana           | logger=resource-migrator t=2026-09-18T04:59:49.058129837Z level=info msg="Executing migration" id="Add generation to resource history"
app-grafana           | logger=resource-migrator t=2026-09-18T04:59:49.084694879Z level=info msg="Migration successfully executed" id="Add generation to resource history" duration=26.556375ms
app-grafana           | logger=resource-migrator t=2026-09-18T04:59:49.091752254Z level=info msg="Executing migration" id="Add generation index to resource history"
app-grafana           | logger=resource-migrator t=2026-09-18T04:59:49.094279379Z level=info msg="Migration successfully executed" id="Add generation index to resource history" duration=2.50025ms
app-grafana           | logger=resource-migrator t=2026-09-18T04:59:49.100551129Z level=info msg="Executing migration" id="Add UQE_resource_last_import_time_last_import_time index"
app-grafana           | logger=resource-migrator t=2026-09-18T04:59:49.103063129Z level=info msg="Migration successfully executed" id="Add UQE_resource_last_import_time_last_import_time index" duration=2.510208ms
app-grafana           | logger=resource-migrator t=2026-09-18T04:59:49.10994017Z level=info msg="migrations completed" performed=29 skipped=0 duration=273.795209ms
app-grafana           | logger=resource-migrator t=2026-09-18T04:59:49.110786629Z level=info msg="Unlocking database"
app-grafana           | t=2026-09-18T04:59:49.122042879Z level=info caller=logger.go:214 time=2026-09-18T04:59:49.121914295Z msg="Using channel notifier" logger=sql-resource-server
app-grafana           | logger=plugin.store t=2026-09-18T04:59:49.16789717Z level=info msg="Loading plugins..."
app-grafana           | logger=plugin.store t=2026-09-18T04:59:49.261602045Z level=info msg="Plugins loaded" count=53 duration=93.704791ms
app-grafana           | logger=annotations t=2026-09-18T04:59:49.275964504Z level=info msg="Starting annotation dashboard_uid migration in background"
app-grafana           | logger=annotations t=2026-09-18T04:59:49.276009045Z level=info msg="Starting batched dashboard_uid migration for annotations (newest first)" batchSize=5000
app-grafana           | logger=annotations t=2026-09-18T04:59:49.283961004Z level=info msg="Completed dashboard_uid migration for annotations" totalUpdated=0
app-grafana           | logger=annotations t=2026-09-18T04:59:49.284001504Z level=info msg="Annotation dashboard_uid migration completed successfully"
app-grafana           | logger=query_data t=2026-09-18T04:59:49.296986212Z level=info msg="Query Service initialization"
app-grafana           | logger=live.push_http t=2026-09-18T04:59:49.318840212Z level=info msg="Live Push Gateway initialization"
app-grafana           | logger=ngalert.notifier component=alertmanager orgID=1 t=2026-09-18T04:59:49.341727212Z level=info msg="Applying new configuration to Alertmanager" configHash=d2c56faca6af2a5772ff4253222f7386
app-grafana           | logger=ngalert.writer t=2026-09-18T04:59:49.352861795Z level=info msg="Setting up remote write using data sources" timeout=30s default_datasource_uid=
app-grafana           | logger=ngalert t=2026-09-18T04:59:49.353799295Z level=info msg="Using protobuf-based alert instance store"
app-grafana           | logger=ngalert.state.manager.persist t=2026-09-18T04:59:49.353840129Z level=info msg="Using rule state persister"
app-grafana           | logger=infra.usagestats.collector t=2026-09-18T04:59:49.36587142Z level=info msg="registering usage stat providers" usageStatsProvidersLen=2
app-grafana           | logger=backgroundsvcs.managerAdapter t=2026-09-18T04:59:49.379268754Z level=info msg=starting module=tracing
app-grafana           | logger=backgroundsvcs.managerAdapter t=2026-09-18T04:59:49.379611004Z level=info msg=starting module=grafana-apiserver
app-grafana           | logger=grafana-apiserver t=2026-09-18T04:59:49.662414254Z level=info msg="Adding GroupVersion dashboard.grafana.app v1beta1 to ResourceManager"
app-grafana           | logger=grafana-apiserver t=2026-09-18T04:59:49.665491962Z level=info msg="Adding GroupVersion dashboard.grafana.app v0alpha1 to ResourceManager"
app-grafana           | logger=grafana-apiserver t=2026-09-18T04:59:49.666277004Z level=info msg="Adding GroupVersion dashboard.grafana.app v2beta1 to ResourceManager"
app-grafana           | logger=grafana-apiserver t=2026-09-18T04:59:49.666908087Z level=info msg="Adding GroupVersion dashboard.grafana.app v2alpha1 to ResourceManager"
app-grafana           | t=2026-09-18T04:59:49.667059837Z level=info caller=logger.go:214 time=2026-09-18T04:59:49.667051587Z msg="Zanzana is not enabled; skipping folder propagation hooks"
app-grafana           | logger=grafana-apiserver t=2026-09-18T04:59:49.668364712Z level=info msg="Adding GroupVersion folder.grafana.app v1beta1 to ResourceManager"
app-grafana           | logger=grafana-apiserver t=2026-09-18T04:59:49.672602879Z level=info msg="Adding GroupVersion iam.grafana.app v0alpha1 to ResourceManager"
app-grafana           | logger=grafana-apiserver t=2026-09-18T04:59:49.67527117Z level=info msg="Adding GroupVersion userstorage.grafana.app v0alpha1 to ResourceManager"
app-grafana           | logger=grafana-apiserver t=2026-09-18T04:59:49.676362712Z level=info msg="Adding GroupVersion features.grafana.app v0alpha1 to ResourceManager"
app-grafana           | t=2026-09-18T04:59:49.677261462Z level=warn caller=logger.go:224 time=2026-09-18T04:59:49.677245545Z msg="skipped registering status sub-resource that does not support dual writing" resource=playlists.playlist.grafana.app version=v0alpha1 storagePath=playlists/status
app-grafana           | logger=grafana-apiserver t=2026-09-18T04:59:49.679732962Z level=info msg="Adding GroupVersion playlist.grafana.app v0alpha1 to ResourceManager"
app-grafana           | t=2026-09-18T04:59:49.679886837Z level=info caller=logger.go:214 time=2026-09-18T04:59:49.679874504Z msg="Installed APIs for app" app=playlist
app-grafana           | logger=grafana-apiserver t=2026-09-18T04:59:49.685334504Z level=info msg="Adding GroupVersion plugins.grafana.app v0alpha1 to ResourceManager"
app-grafana           | t=2026-09-18T04:59:49.68571267Z level=info caller=logger.go:214 time=2026-09-18T04:59:49.685701712Z msg="Installed APIs for app" app=plugins
app-grafana           | logger=grafana-apiserver t=2026-09-18T04:59:49.686870545Z level=info msg="Skipping API example.grafana.app/v1alpha1 because it has no resources."
app-grafana           | logger=grafana-apiserver t=2026-09-18T04:59:49.686926754Z level=info msg="Skipping API example.grafana.app/v0alpha1 because it has no resources."
app-grafana           | t=2026-09-18T04:59:49.687050712Z level=info caller=logger.go:214 time=2026-09-18T04:59:49.687046254Z msg="Installed APIs for app" app=example
app-grafana           | logger=grafana-apiserver t=2026-09-18T04:59:49.697538337Z level=info msg="Adding GroupVersion notifications.alerting.grafana.app v0alpha1 to ResourceManager"
app-grafana           | t=2026-09-18T04:59:49.697631087Z level=info caller=logger.go:214 time=2026-09-18T04:59:49.697621087Z msg="Installed APIs for app" app=alerting-notifications
app-grafana           | t=2026-09-18T04:59:49.893394421Z level=info caller=logger.go:214 time=2026-09-18T04:59:49.893389337Z msg="App initialized" app=playlist
app-grafana           | t=2026-09-18T04:59:49.893470296Z level=info caller=logger.go:214 time=2026-09-18T04:59:49.893461004Z msg="App initialized" app=plugins
app-grafana           | t=2026-09-18T04:59:49.894743129Z level=info caller=logger.go:214 time=2026-09-18T04:59:49.894728962Z msg="App initialized" app=example
app-grafana           | t=2026-09-18T04:59:49.896655462Z level=info caller=logger.go:214 time=2026-09-18T04:59:49.896638296Z msg="App initialized" app=alerting-notifications
app-grafana           | logger=backgroundsvcs.managerAdapter t=2026-09-18T04:59:49.896870171Z level=info msg=starting module=plugins.store
app-grafana           | logger=backgroundsvcs.managerAdapter t=2026-09-18T04:59:49.897005004Z level=info msg=starting module=plugin.backgroundinstaller
app-grafana           | logger=plugin.backgroundinstaller t=2026-09-18T04:59:49.897044296Z level=info msg="Plugins installed" plugins=[]
app-grafana           | logger=plugin.backgroundinstaller t=2026-09-18T04:59:49.897076046Z level=info msg="Installing plugins" plugins="[{ID:grafana-lokiexplore-app Version: URL:} {ID:grafana-pyroscope-app Version: URL:} {ID:grafana-exploretraces-app Version: URL:} {ID:grafana-metricsdrilldown-app Version: URL:}]"
app-grafana           | logger=plugin.backgroundinstaller t=2026-09-18T04:59:49.897148462Z level=info msg="Installing plugin" pluginId=grafana-lokiexplore-app version=
app-grafana           | logger=backgroundsvcs.managerAdapter t=2026-09-18T04:59:49.898657587Z level=info msg=starting module=provisioning
app-grafana           | logger=provisioning.datasources t=2026-09-18T04:59:49.902077879Z level=info msg="inserting datasource from configuration" name=Prometheus uid=prom
app-grafana           | logger=provisioning.alerting t=2026-09-18T04:59:49.928714921Z level=warn msg="file has invalid suffix '.gitkeep' (.yaml,.yml,.json accepted), skipping"
app-grafana           | logger=provisioning.alerting t=2026-09-18T04:59:49.928811171Z level=info msg="starting to provision alerting"
app-grafana           | logger=provisioning.alerting t=2026-09-18T04:59:49.928853879Z level=info msg="finished to provision alerting"
app-grafana           | logger=provisioning.dashboard t=2026-09-18T04:59:49.937534129Z level=info msg="starting to provision dashboards"
app-grafana           | logger=provisioning.dashboard t=2026-09-18T04:59:50.023748129Z level=info msg="finished to provision dashboards"
app-grafana           | logger=backgroundsvcs.managerAdapter t=2026-09-18T04:59:50.023883712Z level=info msg=starting module=*metric.Service
app-grafana           | logger=backgroundsvcs.managerAdapter t=2026-09-18T04:59:50.023899796Z level=info msg=starting module=*statscollector.Service
app-grafana           | logger=backgroundsvcs.managerAdapter t=2026-09-18T04:59:50.023916837Z level=info msg=starting module=*garbagecollectionworker.Worker
app-grafana           | logger=backgroundsvcs.managerAdapter t=2026-09-18T04:59:50.024008921Z level=info msg=starting module=*service.UsageStats
app-grafana           | logger=backgroundsvcs.managerAdapter t=2026-09-18T04:59:50.024087921Z level=info msg=starting module=*notifications.NotificationService
app-grafana           | logger=backgroundsvcs.managerAdapter t=2026-09-18T04:59:50.024209587Z level=info msg=starting module=*manager.SecretsService
app-grafana           | logger=backgroundsvcs.managerAdapter t=2026-09-18T04:59:50.024247754Z level=info msg=starting module=*appregistry.Service
app-grafana           | logger=backgroundsvcs.managerAdapter t=2026-09-18T04:59:50.024310046Z level=info msg=starting module=*manager.ServiceAccountsService
app-grafana           | logger=backgroundsvcs.managerAdapter t=2026-09-18T04:59:50.024386087Z level=info msg=starting module=*service.DashboardServiceImpl
app-grafana           | logger=backgroundsvcs.managerAdapter t=2026-09-18T04:59:50.023894587Z level=info msg=starting module=*loginattemptimpl.Service
app-grafana           | logger=backgroundsvcs.managerAdapter t=2026-09-18T04:59:50.026189962Z level=info msg=starting module=*ssosettingsimpl.Service
app-grafana           | logger=app-registry t=2026-09-18T04:59:50.026292046Z level=info msg="app registry initialized"
app-grafana           | logger=backgroundsvcs.managerAdapter t=2026-09-18T04:59:50.026144087Z level=info msg=starting module=*pushhttp.Gateway
app-grafana           | logger=backgroundsvcs.managerAdapter t=2026-09-18T04:59:50.026161004Z level=info msg=starting module=*ngalert.AlertNG
app-grafana           | logger=backgroundsvcs.managerAdapter t=2026-09-18T04:59:50.026402212Z level=info msg=starting module=*service.DashboardUpdater
app-grafana           | logger=backgroundsvcs.managerAdapter t=2026-09-18T04:59:50.026421879Z level=info msg=starting module=*remotecache.RemoteCache
app-grafana           | logger=backgroundsvcs.managerAdapter t=2026-09-18T04:59:50.026489837Z level=info msg=starting module=*dualwrite.ZanzanaReconciler
app-grafana           | logger=backgroundsvcs.managerAdapter t=2026-09-18T04:59:50.026110546Z level=info msg=starting module=*live.GrafanaLive
app-grafana           | logger=backgroundsvcs.managerAdapter t=2026-09-18T04:59:50.026175004Z level=info msg=starting module=*updatemanager.PluginsService
app-grafana           | logger=backgroundsvcs.managerAdapter t=2026-09-18T04:59:50.026268587Z level=info msg=starting module=*migrations.SecretMigrationProviderImpl
app-grafana           | logger=backgroundsvcs.managerAdapter t=2026-09-18T04:59:50.027553629Z level=info msg=starting module=*rendering.RenderingService
app-grafana           | logger=ngalert.state.manager t=2026-09-18T04:59:50.027316962Z level=info msg="Warming state cache for startup"
app-grafana           | logger=backgroundsvcs.managerAdapter t=2026-09-18T04:59:50.026223379Z level=info msg=starting module=*pluginexternal.Service
app-grafana           | logger=backgroundsvcs.managerAdapter t=2026-09-18T04:59:50.028076504Z level=info msg=starting module=*angulardetectorsprovider.Dynamic
app-grafana           | logger=backgroundsvcs.managerAdapter t=2026-09-18T04:59:50.028200046Z level=info msg=starting module=*store.standardStorageService
app-grafana           | logger=grafanaStorageLogger t=2026-09-18T04:59:50.028246504Z level=info msg="Storage starting"
app-grafana           | logger=backgroundsvcs.managerAdapter t=2026-09-18T04:59:50.028263754Z level=info msg=starting module=*metrics.InternalMetricsService
app-grafana           | logger=backgroundsvcs.managerAdapter t=2026-09-18T04:59:50.028294546Z level=info msg=starting module=*anonimpl.AnonDeviceService
app-grafana           | logger=backgroundsvcs.managerAdapter t=2026-09-18T04:59:50.026237879Z level=info msg=starting module=*store.dummyEntityEventsService
app-grafana           | logger=backgroundsvcs.managerAdapter t=2026-09-18T04:59:50.026155379Z level=info msg=starting module=*supportbundlesimpl.Service
app-grafana           | logger=backgroundsvcs.managerAdapter t=2026-09-18T04:59:50.026259712Z level=info msg=starting module=*dynamic.KeyRetriever
app-grafana           | logger=backgroundsvcs.managerAdapter t=2026-09-18T04:59:50.029797546Z level=info msg=starting module=*api.HTTPServer
app-grafana           | logger=backgroundsvcs.managerAdapter t=2026-09-18T04:59:50.029865379Z level=info msg=starting module=*cleanup.CleanUpService
app-grafana           | logger=backgroundsvcs.managerAdapter t=2026-09-18T04:59:50.029962087Z level=info msg=starting module=*authimpl.UserAuthTokenService
app-grafana           | logger=ngalert.multiorg.alertmanager t=2026-09-18T04:59:50.030202921Z level=info msg="Starting MultiOrg Alertmanager"
app-grafana           | logger=backgroundsvcs.managerAdapter t=2026-09-18T04:59:50.030317921Z level=info msg="All modules healthy"
app-grafana           | logger=sqlstore.transactions t=2026-09-18T04:59:50.042130879Z level=info msg="Database locked, sleeping then retrying" error="database is locked" retry=0
app-grafana           | logger=http.server t=2026-09-18T04:59:50.078265296Z level=info msg="HTTP Server Listen" address=[::]:3000 protocol=http subUrl= socket=
app-grafana           | logger=sqlstore.transactions t=2026-09-18T04:59:50.144527129Z level=info msg="Database locked, sleeping then retrying" error="database is locked" retry=1
app-grafana           | logger=ngalert.state.manager t=2026-09-18T04:59:50.195107004Z level=info msg="State cache has been initialized" states=0 duration=167.790792ms
app-grafana           | logger=ngalert.scheduler t=2026-09-18T04:59:50.195604129Z level=info msg="Starting scheduler" tickInterval=10s maxAttempts=3
app-grafana           | logger=ngalert.scheduler t=2026-09-18T04:59:50.197019087Z level=info msg=starting component=ticker first_tick=2026-09-18T05:00:00Z
app-grafana           | logger=plugins.update.checker t=2026-09-18T04:59:50.340313462Z level=info msg="Update check succeeded" duration=313.695875ms
app-grafana           | logger=plugin.angulardetectorsprovider.dynamic t=2026-09-18T04:59:50.585480463Z level=info msg="Patterns update finished" duration=388.205792ms
app-grafana           | logger=plugin.installer t=2026-09-18T04:59:51.875646755Z level=info msg="Installing plugin" pluginId=grafana-lokiexplore-app version=
app-grafana           | logger=installer.fs t=2026-09-18T04:59:52.550334797Z level=info msg="Downloaded and extracted grafana-lokiexplore-app v2.5.2 zip successfully to /var/lib/grafana/plugins/grafana-lokiexplore-app"
app-grafana           | logger=plugins.registration t=2026-09-18T04:59:52.895470172Z level=info msg="Plugin registered" pluginId=grafana-lokiexplore-app
app-grafana           | logger=plugin.backgroundinstaller t=2026-09-18T04:59:52.895666755Z level=info msg="Plugin successfully installed" pluginId=grafana-lokiexplore-app version= duration=2.998495918s
app-grafana           | logger=plugin.backgroundinstaller t=2026-09-18T04:59:52.89702938Z level=info msg="Installing plugin" pluginId=grafana-pyroscope-app version=
app-grafana           | logger=plugin.installer t=2026-09-18T04:59:53.641771797Z level=info msg="Installing plugin" pluginId=grafana-pyroscope-app version=
app-grafana           | logger=installer.fs t=2026-09-18T04:59:53.977536589Z level=info msg="Downloaded and extracted grafana-pyroscope-app v2.3.0 zip successfully to /var/lib/grafana/plugins/grafana-pyroscope-app"
app-grafana           | logger=plugins.registration t=2026-09-18T04:59:55.509525507Z level=info msg="Plugin registered" pluginId=grafana-pyroscope-app
app-grafana           | logger=plugin.backgroundinstaller t=2026-09-18T04:59:55.51075884Z level=info msg="Plugin successfully installed" pluginId=grafana-pyroscope-app version= duration=2.613558876s
app-grafana           | logger=plugin.backgroundinstaller t=2026-09-18T04:59:55.511107132Z level=info msg="Installing plugin" pluginId=grafana-exploretraces-app version=
app-grafana           | logger=plugin.installer t=2026-09-18T04:59:56.400123132Z level=info msg="Installing plugin" pluginId=grafana-exploretraces-app version=
app-grafana           | logger=installer.fs t=2026-09-18T04:59:56.909154216Z level=info msg="Downloaded and extracted grafana-exploretraces-app v2.2.0 zip successfully to /var/lib/grafana/plugins/grafana-exploretraces-app"
app-grafana           | logger=plugins.registration t=2026-09-18T04:59:57.329293257Z level=info msg="Plugin registered" pluginId=grafana-exploretraces-app
app-grafana           | logger=plugin.backgroundinstaller t=2026-09-18T04:59:57.335297424Z level=info msg="Plugin successfully installed" pluginId=grafana-exploretraces-app version= duration=1.824168001s
app-grafana           | logger=plugin.backgroundinstaller t=2026-09-18T04:59:57.336265632Z level=info msg="Installing plugin" pluginId=grafana-metricsdrilldown-app version=
app-dns-exporter  | 2026/09/18 04:59:57 An error has occurred during login to DnsGet "http://host.docker.internal:3000/control/status": dial tcp 192.168.65.254:3000: connect: connection refused

[Kapp-dns-exporter exited with code 1 (restarting)
app-dns-exporter  | 2026/09/18 04:59:58 ---------------------------------------
app-dns-exporter  | 2026/09/18 04:59:58 - DNS server exporter configuration -
app-dns-exporter  | 2026/09/18 04:59:58 ---------------------------------------
app-dns-exporter  | 2026/09/18 04:59:58 DnsProtocol : http
app-dns-exporter  | 2026/09/18 04:59:58 DnsHostname : host.docker.internal
app-dns-exporter  | 2026/09/18 04:59:58 DnsUsername : 
app-dns-exporter  | 2026/09/18 04:59:58 DnsPort : 3000
app-dns-exporter  | 2026/09/18 04:59:58 ServerPort : 9617
app-dns-exporter  | 2026/09/18 04:59:58 Interval : 15s
app-dns-exporter  | 2026/09/18 04:59:58 LogLimit : 1000
app-dns-exporter  | 2026/09/18 04:59:58 RDnsEnabled : true
app-dns-exporter  | 2026/09/18 04:59:58 PasswordFromFile : false
app-dns-exporter  | 2026/09/18 04:59:58 ---------------------------------------
app-dns-exporter  | 2026/09/18 04:59:58 New Prometheus metric registered: avg_processing_time
app-dns-exporter  | 2026/09/18 04:59:58 New Prometheus metric registered: num_dns_queries
app-dns-exporter  | 2026/09/18 04:59:58 New Prometheus metric registered: num_blocked_filtering
app-dns-exporter  | 2026/09/18 04:59:58 New Prometheus metric registered: num_replaced_parental
app-dns-exporter  | 2026/09/18 04:59:58 New Prometheus metric registered: num_replaced_safebrowsing
app-dns-exporter  | 2026/09/18 04:59:58 New Prometheus metric registered: num_replaced_safesearch
app-dns-exporter  | 2026/09/18 04:59:58 New Prometheus metric registered: top_queried_domains
app-dns-exporter  | 2026/09/18 04:59:58 New Prometheus metric registered: top_blocked_domains
app-dns-exporter  | 2026/09/18 04:59:58 New Prometheus metric registered: top_clients
app-dns-exporter  | 2026/09/18 04:59:58 New Prometheus metric registered: query_types
app-dns-exporter  | 2026/09/18 04:59:58 New Prometheus metric registered: running
app-dns-exporter  | 2026/09/18 04:59:58 New Prometheus metric registered: protection_enabled
app-dns-exporter  | 2026/09/18 04:59:58 Starting HTTP server
app-grafana           | logger=plugin.installer t=2026-09-18T04:59:58.278018675Z level=info msg="Installing plugin" pluginId=grafana-metricsdrilldown-app version=
app-grafana           | logger=installer.fs t=2026-09-18T04:59:58.443423966Z level=info msg="Downloaded and extracted grafana-metricsdrilldown-app v2.5.1 zip successfully to /var/lib/grafana/plugins/grafana-metricsdrilldown-app"
app-grafana           | logger=plugins.registration t=2026-09-18T04:59:58.468120841Z level=info msg="Plugin registered" pluginId=grafana-metricsdrilldown-app
app-grafana           | logger=plugin.backgroundinstaller t=2026-09-18T04:59:58.468173966Z level=info msg="Plugin successfully installed" pluginId=grafana-metricsdrilldown-app version= duration=1.131884001s
app-dns-exporter  | 2026/09/18 05:00:13 An error has occurred during login to DnsGet "http://host.docker.internal:3000/control/status": dial tcp 192.168.65.254:3000: connect: connection refused

[Kapp-dns-exporter exited with code 1 (restarting)
app-dns-exporter  | 2026/09/18 05:00:13 ---------------------------------------
app-dns-exporter  | 2026/09/18 05:00:13 - DNS server exporter configuration -
app-dns-exporter  | 2026/09/18 05:00:13 ---------------------------------------
app-dns-exporter  | 2026/09/18 05:00:13 DnsProtocol : http
app-dns-exporter  | 2026/09/18 05:00:13 DnsHostname : host.docker.internal
app-dns-exporter  | 2026/09/18 05:00:13 DnsUsername : 
app-dns-exporter  | 2026/09/18 05:00:13 DnsPort : 3000
app-dns-exporter  | 2026/09/18 05:00:13 ServerPort : 9617
app-dns-exporter  | 2026/09/18 05:00:13 Interval : 15s
app-dns-exporter  | 2026/09/18 05:00:13 LogLimit : 1000
app-dns-exporter  | 2026/09/18 05:00:13 RDnsEnabled : true
app-dns-exporter  | 2026/09/18 05:00:13 PasswordFromFile : false
app-dns-exporter  | 2026/09/18 05:00:13 ---------------------------------------
app-dns-exporter  | 2026/09/18 05:00:13 New Prometheus metric registered: avg_processing_time
app-dns-exporter  | 2026/09/18 05:00:13 New Prometheus metric registered: num_dns_queries
app-dns-exporter  | 2026/09/18 05:00:13 New Prometheus metric registered: num_blocked_filtering
app-dns-exporter  | 2026/09/18 05:00:13 New Prometheus metric registered: num_replaced_parental
app-dns-exporter  | 2026/09/18 05:00:13 New Prometheus metric registered: num_replaced_safebrowsing
app-dns-exporter  | 2026/09/18 05:00:13 New Prometheus metric registered: num_replaced_safesearch
app-dns-exporter  | 2026/09/18 05:00:13 New Prometheus metric registered: top_queried_domains
app-dns-exporter  | 2026/09/18 05:00:13 New Prometheus metric registered: top_blocked_domains
app-dns-exporter  | 2026/09/18 05:00:13 New Prometheus metric registered: top_clients
app-dns-exporter  | 2026/09/18 05:00:13 New Prometheus metric registered: query_types
app-dns-exporter  | 2026/09/18 05:00:13 New Prometheus metric registered: running
app-dns-exporter  | 2026/09/18 05:00:13 New Prometheus metric registered: protection_enabled
app-dns-exporter  | 2026/09/18 05:00:13 Starting HTTP server
app-dns-exporter  | 2026/09/18 05:00:28 An error has occurred during login to DnsGet "http://host.docker.internal:3000/control/status": dial tcp 192.168.65.254:3000: connect: connection refused

[Kapp-dns-exporter exited with code 1 (restarting)
app-dns-exporter  | 2026/09/18 05:00:28 ---------------------------------------
app-dns-exporter  | 2026/09/18 05:00:28 - DNS server exporter configuration -
app-dns-exporter  | 2026/09/18 05:00:28 ---------------------------------------
app-dns-exporter  | 2026/09/18 05:00:28 DnsProtocol : http
app-dns-exporter  | 2026/09/18 05:00:28 DnsHostname : host.docker.internal
app-dns-exporter  | 2026/09/18 05:00:28 DnsUsername : 
app-dns-exporter  | 2026/09/18 05:00:28 DnsPort : 3000
app-dns-exporter  | 2026/09/18 05:00:28 ServerPort : 9617
app-dns-exporter  | 2026/09/18 05:00:28 Interval : 15s
app-dns-exporter  | 2026/09/18 05:00:28 LogLimit : 1000
app-dns-exporter  | 2026/09/18 05:00:28 RDnsEnabled : true
app-dns-exporter  | 2026/09/18 05:00:28 PasswordFromFile : false
app-dns-exporter  | 2026/09/18 05:00:28 ---------------------------------------
app-dns-exporter  | 2026/09/18 05:00:28 New Prometheus metric registered: avg_processing_time
app-dns-exporter  | 2026/09/18 05:00:28 New Prometheus metric registered: num_dns_queries
app-dns-exporter  | 2026/09/18 05:00:28 New Prometheus metric registered: num_blocked_filtering
app-dns-exporter  | 2026/09/18 05:00:28 New Prometheus metric registered: num_replaced_parental
app-dns-exporter  | 2026/09/18 05:00:28 New Prometheus metric registered: num_replaced_safebrowsing
app-dns-exporter  | 2026/09/18 05:00:28 New Prometheus metric registered: num_replaced_safesearch
app-dns-exporter  | 2026/09/18 05:00:28 New Prometheus metric registered: top_queried_domains
app-dns-exporter  | 2026/09/18 05:00:28 New Prometheus metric registered: top_blocked_domains
app-dns-exporter  | 2026/09/18 05:00:28 New Prometheus metric registered: top_clients
app-dns-exporter  | 2026/09/18 05:00:28 New Prometheus metric registered: query_types
app-dns-exporter  | 2026/09/18 05:00:28 New Prometheus metric registered: running
app-dns-exporter  | 2026/09/18 05:00:28 New Prometheus metric registered: protection_enabled
app-dns-exporter  | 2026/09/18 05:00:28 Starting HTTP server
app-grafana           | logger=server t=2026-09-18T05:00:34.508223011Z level=info msg="Shutdown started" reason="System signal: terminated"
app-grafana           | logger=backgroundsvcs.managerAdapter t=2026-09-18T05:00:34.509095803Z level=info msg="module stopped" module=*pluginexternal.Service
app-grafana           | logger=backgroundsvcs.managerAdapter t=2026-09-18T05:00:34.509436553Z level=info msg="module stopped" module=*cleanup.CleanUpService
app-grafana           | logger=backgroundsvcs.managerAdapter t=2026-09-18T05:00:34.509646469Z level=info msg="module stopped" module=*manager.ServiceAccountsService
app-grafana           | logger=backgroundsvcs.managerAdapter t=2026-09-18T05:00:34.509743886Z level=info msg="module stopped" module=*angulardetectorsprovider.Dynamic
app-grafana           | logger=backgroundsvcs.managerAdapter t=2026-09-18T05:00:34.509862969Z level=info msg="module stopped" module=*dualwrite.ZanzanaReconciler
app-grafana           | logger=backgroundsvcs.managerAdapter t=2026-09-18T05:00:34.509973011Z level=info msg="module stopped" module=*supportbundlesimpl.Service
app-grafana           | logger=backgroundsvcs.managerAdapter t=2026-09-18T05:00:34.510068719Z level=info msg="module stopped" module=*updatemanager.PluginsService
app-grafana           | logger=backgroundsvcs.managerAdapter t=2026-09-18T05:00:34.510206469Z level=info msg="module stopped" module=*migrations.SecretMigrationProviderImpl
app-grafana           | logger=backgroundsvcs.managerAdapter t=2026-09-18T05:00:34.510263469Z level=info msg="module stopped" module=*authimpl.UserAuthTokenService
app-grafana           | logger=backgroundsvcs.managerAdapter t=2026-09-18T05:00:34.510231469Z level=info msg="module stopped" module=*loginattemptimpl.Service
app-grafana           | logger=backgroundsvcs.managerAdapter t=2026-09-18T05:00:34.510350511Z level=info msg="module stopped" module=*service.DashboardUpdater
app-grafana           | logger=backgroundsvcs.managerAdapter t=2026-09-18T05:00:34.510448928Z level=info msg="module stopped" module=*service.UsageStats
app-grafana           | logger=backgroundsvcs.managerAdapter t=2026-09-18T05:00:34.510504886Z level=info msg="module stopped" module=*metric.Service
app-grafana           | logger=backgroundsvcs.managerAdapter t=2026-09-18T05:00:34.510550178Z level=info msg="module stopped" module=*notifications.NotificationService
app-grafana           | logger=backgroundsvcs.managerAdapter t=2026-09-18T05:00:34.510669969Z level=info msg="module stopped" module=*store.dummyEntityEventsService
app-grafana           | logger=backgroundsvcs.managerAdapter t=2026-09-18T05:00:34.510724803Z level=info msg="module stopped" module=*ssosettingsimpl.Service
app-grafana           | logger=backgroundsvcs.managerAdapter t=2026-09-18T05:00:34.510793178Z level=info msg="module stopped" module=*remotecache.RemoteCache
app-dns-exporter  | 2026/09/18 05:00:34 Failed to start serving HTTP requests: http: Server closed
app-grafana           | logger=backgroundsvcs.managerAdapter t=2026-09-18T05:00:34.511035636Z level=info msg="module stopped" module=*rendering.RenderingService
app-grafana           | logger=backgroundsvcs.managerAdapter t=2026-09-18T05:00:34.511235511Z level=info msg="module stopped" module=*service.DashboardServiceImpl
app-grafana           | logger=backgroundsvcs.managerAdapter t=2026-09-18T05:00:34.511256553Z level=info msg="module stopped" module=*manager.SecretsService
app-grafana           | logger=backgroundsvcs.managerAdapter t=2026-09-18T05:00:34.511375594Z level=info msg="module stopped" module=*statscollector.Service
app-grafana           | logger=backgroundsvcs.managerAdapter t=2026-09-18T05:00:34.511564803Z level=info msg="module stopped" module=*store.standardStorageService
app-grafana           | logger=backgroundsvcs.managerAdapter t=2026-09-18T05:00:34.511716094Z level=info msg="module stopped" module=*anonimpl.AnonDeviceService
app-grafana           | logger=backgroundsvcs.managerAdapter t=2026-09-18T05:00:34.511821469Z level=info msg="module stopped" module=*garbagecollectionworker.Worker
app-grafana           | logger=backgroundsvcs.managerAdapter t=2026-09-18T05:00:34.511934469Z level=info msg="module stopped" module=*dynamic.KeyRetriever
app-grafana           | logger=backgroundsvcs.managerAdapter t=2026-09-18T05:00:34.512047261Z level=info msg="module stopped" module=*appregistry.Service
app-grafana           | logger=backgroundsvcs.managerAdapter t=2026-09-18T05:00:34.512045219Z level=info msg="module stopped" module=*metrics.InternalMetricsService
app-grafana           | logger=backgroundsvcs.managerAdapter t=2026-09-18T05:00:34.512159011Z level=info msg="module stopped" module=*pushhttp.Gateway
app-grafana           | logger=ngalert.scheduler t=2026-09-18T05:00:34.512341261Z level=info msg=stopped component=ticker last_tick=2026-09-18T05:00:30Z
app-grafana           | logger=backgroundsvcs.managerAdapter t=2026-09-18T05:00:34.512630344Z level=info msg="module stopped" module=*live.GrafanaLive
app-grafana           | logger=backgroundsvcs.managerAdapter t=2026-09-18T05:00:34.512900803Z level=info msg="module stopped" module=*api.HTTPServer
app-grafana           | logger=sqlstore.transactions t=2026-09-18T05:00:34.528105303Z level=info msg="Database locked, sleeping then retrying" error="database is locked" retry=0
app-grafana           | logger=backgroundsvcs.managerAdapter t=2026-09-18T05:00:34.533083761Z level=info msg="module stopped" module=*ngalert.AlertNG
app-grafana           | logger=backgroundsvcs.managerAdapter t=2026-09-18T05:00:34.533532053Z level=info msg="module stopped" module=provisioning
app-grafana           | logger=backgroundsvcs.managerAdapter t=2026-09-18T05:00:34.533870428Z level=info msg="module stopped" module=plugin.backgroundinstaller
app-grafana           | logger=backgroundsvcs.managerAdapter t=2026-09-18T05:00:34.535032094Z level=info msg="module stopped" module=plugins.store
app-grafana           | logger=backgroundsvcs.managerAdapter t=2026-09-18T05:00:34.535175386Z level=info msg="module stopped" module=grafana-apiserver
app-grafana           | logger=tracing t=2026-09-18T05:00:34.535312719Z level=info msg="Closing tracing"
app-grafana           | logger=backgroundsvcs.managerAdapter t=2026-09-18T05:00:34.535341969Z level=info msg="module stopped" module=tracing
app-grafana           | logger=backgroundsvcs.managerAdapter t=2026-09-18T05:00:34.535374053Z level=info msg="All modules stopped"

[Kapp-grafana exited with code 0

[Kapp-web exited with code 0
app-prometheus        | time=2026-09-18T05:00:34.901Z level=WARN source=main.go:1080 msg="Received an OS signal, exiting gracefully..." signal=terminated
app-prometheus        | time=2026-09-18T05:00:34.902Z level=INFO source=main.go:1105 msg="Stopping scrape discovery manager..."
app-prometheus        | time=2026-09-18T05:00:34.902Z level=INFO source=main.go:1119 msg="Stopping notify discovery manager..."
app-prometheus        | time=2026-09-18T05:00:34.902Z level=INFO source=main.go:1101 msg="Scrape discovery manager stopped"
app-prometheus        | time=2026-09-18T05:00:34.902Z level=INFO source=manager.go:204 msg="Stopping rule manager..." component="rule manager"
app-prometheus        | time=2026-09-18T05:00:34.903Z level=INFO source=manager.go:220 msg="Rule manager stopped" component="rule manager"
app-prometheus        | time=2026-09-18T05:00:34.903Z level=INFO source=main.go:1156 msg="Stopping scrape manager..."
app-prometheus        | time=2026-09-18T05:00:34.903Z level=INFO source=main.go:1115 msg="Notify discovery manager stopped"
app-prometheus        | time=2026-09-18T05:00:34.904Z level=INFO source=main.go:1148 msg="Scrape manager stopped"
app-prometheus        | time=2026-09-18T05:00:34.911Z level=INFO source=manager.go:559 msg="Stopping notification manager..." component=notifier
app-prometheus        | time=2026-09-18T05:00:34.914Z level=INFO source=manager.go:301 msg="Draining any remaining notifications..." component=notifier
app-prometheus        | time=2026-09-18T05:00:34.914Z level=INFO source=manager.go:307 msg="Remaining notifications drained" component=notifier
app-prometheus        | time=2026-09-18T05:00:34.914Z level=INFO source=manager.go:234 msg="Notification manager stopped" component=notifier
app-prometheus        | time=2026-09-18T05:00:34.914Z level=INFO source=main.go:1426 msg="Notifier manager stopped"
app-prometheus        | time=2026-09-18T05:00:34.915Z level=INFO source=main.go:1440 msg="See you next time!"
app-dns-exporter  | 
app-dns-exporter  | dns-exporter HTTP server stopped

[Kapp-prometheus exited with code 0

[Kapp-dns-exporter exited with code 0
